-- phpMyAdmin SQL Dump
-- version 5.2.1
-- https://www.phpmyadmin.net/
--
-- Hôte : db:3306
-- Généré le : ven. 10 jan. 2025 à 14:07
-- Version du serveur : 8.4.1
-- Version de PHP : 8.2.8

SET SQL_MODE = "NO_AUTO_VALUE_ON_ZERO";
START TRANSACTION;
SET time_zone = "+00:00";


/*!40101 SET @OLD_CHARACTER_SET_CLIENT=@@CHARACTER_SET_CLIENT */;
/*!40101 SET @OLD_CHARACTER_SET_RESULTS=@@CHARACTER_SET_RESULTS */;
/*!40101 SET @OLD_COLLATION_CONNECTION=@@COLLATION_CONNECTION */;
/*!40101 SET NAMES utf8mb4 */;

--
-- Base de données : `desbois_damien_depute`
--

-- --------------------------------------------------------

--
-- Structure de la table `departement`
--

CREATE TABLE `departement` (
  `CODEDEPARTEMENT` int NOT NULL,
  `NOMDEPARTEMENT` varchar(128) COLLATE utf8mb4_general_ci NOT NULL
) ENGINE=InnoDB DEFAULT CHARSET=utf8mb4 COLLATE=utf8mb4_general_ci;

--
-- Déchargement des données de la table `departement`
--

INSERT INTO `departement` (`CODEDEPARTEMENT`, `NOMDEPARTEMENT`) VALUES
(1, 'Ain'),
(2, 'Corse-du-sud'),
(3, 'Allier'),
(4, 'Alpes-de-Haute-Provence'),
(5, 'Hautes-Alpes'),
(6, 'Alpes-Maritimes'),
(7, 'Ardèche'),
(8, 'Ardennes'),
(9, 'Ariège'),
(10, 'Aube'),
(11, 'Aude'),
(12, 'Aveyron'),
(13, 'Bouches-du-Rhône'),
(14, 'Calvados'),
(15, 'Cantal'),
(16, 'Charente'),
(17, 'Charente-Maritime'),
(18, 'Cher'),
(19, 'Corrèze'),
(21, 'Côte-d\'or'),
(22, 'Côtes-d\'armor'),
(23, 'Creuse'),
(24, 'Dordogne'),
(25, 'Doubs'),
(26, 'Drôme'),
(27, 'Eure'),
(28, 'Eure-et-Loir'),
(29, 'Finistère'),
(30, 'Gard'),
(31, 'Haute-Garonne'),
(32, 'Gers'),
(33, 'Gironde'),
(34, 'Hérault'),
(35, 'Ille-et-Vilaine'),
(36, 'Indre'),
(37, 'Indre-et-Loire'),
(38, 'Isère'),
(39, 'Jura'),
(40, 'Landes'),
(41, 'Loir-et-Cher'),
(42, 'Loire'),
(43, 'Haute-Loire'),
(44, 'Loire-Atlantique'),
(45, 'Loiret'),
(46, 'Lot'),
(47, 'Lot-et-Garonne'),
(48, 'Lozère'),
(49, 'Maine-et-Loire'),
(50, 'Manche'),
(51, 'Marne'),
(52, 'Haute-Marne'),
(53, 'Mayenne'),
(54, 'Meurthe-et-Moselle'),
(55, 'Meuse'),
(56, 'Morbihan'),
(57, 'Moselle'),
(58, 'Nièvre'),
(59, 'Nord'),
(60, 'Oise'),
(61, 'Orne'),
(62, 'Pas-de-Calais'),
(63, 'Puy-de-Dôme'),
(64, 'Pyrénées-Atlantiques'),
(65, 'Hautes-Pyrénées'),
(66, 'Pyrénées-Orientales'),
(67, 'Bas-Rhin'),
(68, 'Haut-Rhin'),
(69, 'Rhône'),
(70, 'Haute-Saône'),
(71, 'Saône-et-Loire'),
(72, 'Sarthe'),
(73, 'Savoie'),
(74, 'Haute-Savoie'),
(75, 'Paris'),
(76, 'Seine-Maritime'),
(77, 'Seine-et-Marne'),
(78, 'Yvelines'),
(79, 'Deux-Sèvres'),
(80, 'Somme'),
(81, 'Tarn'),
(82, 'Tarn-et-Garonne'),
(83, 'Var'),
(84, 'Vaucluse'),
(85, 'Vendée'),
(86, 'Vienne'),
(87, 'Haute-Vienne'),
(88, 'Vosges'),
(89, 'Yonne'),
(90, 'Territoire de Belfort'),
(91, 'Essonne'),
(92, 'Hauts-de-Seine'),
(93, 'Seine-Saint-Denis'),
(94, 'Val-de-Marne'),
(95, 'Val-d\'oise'),
(99, 'Français établis hors de France'),
(971, 'Guadeloupe'),
(972, 'Martinique'),
(973, 'Guyane'),
(974, 'Réunion'),
(975, 'Saint-Pierre-et-Miquelon'),
(976, 'Mayotte'),
(977, 'Saint-Barthélemy et Saint-Martin'),
(986, 'Wallis-et-Futuna'),
(987, 'Polynésie française'),
(988, 'Nouvelle-Calédonie');

-- --------------------------------------------------------

--
-- Structure de la table `depute`
--

CREATE TABLE `depute` (
  `ID` varchar(128) COLLATE utf8mb4_general_ci NOT NULL,
  `IDJOB` bigint NOT NULL,
  `IDGROUPE` bigint DEFAULT NULL,
  `CIVILITE` char(32) COLLATE utf8mb4_general_ci NOT NULL,
  `NOM` varchar(128) COLLATE utf8mb4_general_ci NOT NULL,
  `PRENOM` varchar(128) COLLATE utf8mb4_general_ci NOT NULL,
  `VILLENAISSANCE` varchar(128) COLLATE utf8mb4_general_ci NOT NULL,
  `DATENAISSANCE` date NOT NULL,
  `MAIL` varchar(128) COLLATE utf8mb4_general_ci DEFAULT NULL,
  `CIRCONSCIRPTION` int NOT NULL
) ENGINE=InnoDB DEFAULT CHARSET=utf8mb4 COLLATE=utf8mb4_general_ci;

--
-- Déchargement des données de la table `depute`
--

INSERT INTO `depute` (`ID`, `IDJOB`, `IDGROUPE`, `CIVILITE`, `NOM`, `PRENOM`, `VILLENAISSANCE`, `DATENAISSANCE`, `MAIL`, `CIRCONSCIRPTION`) VALUES
('PA1008', 1, 1, 'M.', 'David', 'Alain', 'Libourne', '1949-06-02', 'Alain.David@assemblee-nationale.fr', 4),
('PA1327', 2, 2, 'M.', 'Forissier', 'Nicolas', 'Paris', '1961-02-17', 'Nicolas.Forissier@assemblee-nationale.fr', 2),
('PA1567', 3, 1, 'M.', 'Guedj', 'Jérôme', 'Pantin', '1972-01-23', 'jerome.guedj@assemblee-nationale.fr', 6),
('PA1592', 4, 3, 'M.', 'Habib', 'David', 'Paris', '1961-03-16', 'David.Habib@assemblee-nationale.fr', 3),
('PA1630', 5, 2, 'M.', 'Herbillon', 'Michel', 'Saint-Mandé', '1951-03-06', 'Michel.Herbillon@assemblee-nationale.fr', 8),
('PA1654', 6, 1, 'M.', 'Hollande', 'François', 'Rouen', '1954-08-12', 'francois.hollande@assemblee-nationale.fr', 1),
('PA266793', 7, 2, 'M.', 'Bony', 'Jean-Yves', 'Aurillac', '1955-03-11', 'Jean-Yves.Bony@assemblee-nationale.fr', 2),
('PA266797', 8, 2, 'M.', 'Gosselin', 'Philippe', 'Carentan', '1966-10-23', 'philippe.gosselin@assemblee-nationale.fr', 1),
('PA266808', 9, 2, 'M.', 'Rolland', 'Vincent', 'Moutiers', '1970-02-01', 'Vincent.Rolland@assemblee-nationale.fr', 2),
('PA267042', 10, 3, 'M.', 'Favennec-Bécot', 'Yannick', 'Chaudron-en-Mauges', '1958-08-12', 'Yannick.Favennec@assemblee-nationale.fr', 3),
('PA267200', 11, 4, 'M.', 'Huyghe', 'Sébastien', 'Béthune', '1969-10-25', 'sebastien.huyghe@assemblee-nationale.fr', 5),
('PA267285', 12, 2, 'M.', 'Wauquiez', 'Laurent', 'Lyon', '1975-04-12', 'laurent.wauquiez@assemblee-nationale.fr', 1),
('PA267306', 13, 5, 'M.', 'Chassaigne', 'André', 'Clermont-Ferrand', '1950-07-02', 'Andre.Chassaigne@assemblee-nationale.fr', 5),
('PA267318', 14, 6, 'M.', 'Grelier', 'Jean-Carles', 'Le Mans', '1966-03-15', 'Jean-Carles.Grelier@assemblee-nationale.fr', 5),
('PA267561', 14, 7, 'Mme', 'Barèges', 'Brigitte', 'Toulouse', '1953-05-01', 'brigitte.bareges@assemblee-nationale.fr', 1),
('PA267763', 15, 3, 'M.', 'Bataille', 'Jean-Pierre', 'Hazebrouck', '1963-10-24', 'jean-pierre.bataille@assemblee-nationale.fr', 15),
('PA267780', 15, 8, 'Mme', 'Firmin Le Bodo', 'Agnès', 'Le Havre', '1968-11-20', 'Agnes.FirminLeBodo@assemblee-nationale.fr', 7),
('PA267794', 2, 2, 'Mme', 'Tabarot', 'Michèle', 'Alicante', '1962-10-13', 'Michele.Tabarot@assemblee-nationale.fr', 9),
('PA2940', 16, 9, 'Mme', 'Voynet', 'Dominique', 'Montbéliard', '1958-11-04', 'dominique.voynet@assemblee-nationale.fr', 2),
('PA2952', 17, 3, 'M.', 'Warsmann', 'Jean-Luc', 'Villers Semeuse', '1965-10-22', 'Jean-Luc.Warsmann@assemblee-nationale.fr', 3),
('PA2960', 18, 4, 'M.', 'Woerth', 'Éric', 'Creil', '1956-01-29', 'Eric.Woerth@assemblee-nationale.fr', 4),
('PA309643', 19, 10, 'Mme', 'Besse', 'Véronique', 'La Roche-sur-Yon', '1963-08-11', 'veronique.besse@assemblee-nationale.fr', 4),
('PA330008', 20, 2, 'M.', 'Breton', 'Xavier', 'Darney', '1962-11-25', 'Xavier.Breton@assemblee-nationale.fr', 1),
('PA330240', 12, 7, 'M.', 'Ciotti', 'Éric', 'Nice', '1965-09-28', 'Eric.Ciotti@assemblee-nationale.fr', 1),
('PA330909', 21, 2, 'M.', 'Descoeur', 'Vincent', 'Aurillac', '1962-12-13', 'Vincent.Descoeur@assemblee-nationale.fr', 1),
('PA331582', 22, 6, 'M.', 'Vigier', 'Philippe', 'Valence', '1958-02-03', 'Philippe.Vigier@assemblee-nationale.fr', 4),
('PA331973', 19, 1, 'Mme', 'Got', 'Pascale', 'Royan', '1961-04-01', 'pascale.got@assemblee-nationale.fr', 5),
('PA332228', 23, 8, 'M.', 'Benoit', 'Thierry', 'Fougères', '1966-09-13', 'Thierry.Benoit@assemblee-nationale.fr', 6),
('PA332523', 24, 2, 'Mme', 'Dalloz', 'Marie-Christine', 'Saint-Claude', '1958-01-10', 'Marie-Christine.Dalloz@assemblee-nationale.fr', 2),
('PA333285', 25, 1, 'M.', 'Garot', 'Guillaume', 'Laval', '1966-05-29', 'Guillaume.Garot@assemblee-nationale.fr', 1),
('PA335054', 26, 1, 'Mme', 'Karamanli', 'Marietta', 'Athènes', '1964-12-18', 'Marietta.Karamanli@assemblee-nationale.fr', 2),
('PA335612', 27, 5, 'M.', 'Lecoq', 'Jean-Paul', 'Le Havre', '1958-10-13', 'Jean-Paul.Lecoq@assemblee-nationale.fr', 8),
('PA335758', 2, 4, 'M.', 'Riester', 'Franck', 'Paris', '1974-01-03', 'franck.riester@assemblee-nationale.fr', 5),
('PA335999', 20, 9, 'Mme', 'Batho', 'Delphine', 'Paris', '1973-03-23', 'Delphine.Batho@assemblee-nationale.fr', 2),
('PA340343', 28, 1, 'M.', 'Saulignac', 'Hervé', 'Privas', '1970-11-06', 'Herve.Saulignac@assemblee-nationale.fr', 1),
('PA341981', 29, 1, 'Mme', 'Récalde', 'Marie', 'Langon', '1965-03-12', 'marie.recalde@assemblee-nationale.fr', 6),
('PA342196', 30, 1, 'Mme', 'Rouaux', 'Claudia', 'Sainte-Gemmes-d\'Andigné', '1963-10-13', 'claudia.rouaux@assemblee-nationale.fr', 3),
('PA342240', 31, 2, 'M.', 'Bourgeaux', 'Jean-Luc', 'Saint-Malo', '1963-04-10', 'jean-luc.bourgeaux@assemblee-nationale.fr', 7),
('PA342384', 32, 11, 'Mme', 'Martin', 'Élisa', 'Nancy', '1972-05-15', 'elisa.martin@assemblee-nationale.fr', 3),
('PA342415', 33, 1, 'Mme', 'Battistel', 'Marie-Noëlle', 'Grenoble', '1956-08-20', 'Marie-Noelle.Battistel@assemblee-nationale.fr', 4),
('PA345722', 34, 4, 'Mme', 'Le Grip', 'Constance', 'Chatou', '1960-11-14', 'Constance.LeGrip@assemblee-nationale.fr', 6),
('PA346782', 35, 2, 'M.', 'Juvin', 'Philippe', 'Orléans', '1964-02-01', 'philippe.juvin@assemblee-nationale.fr', 3),
('PA408578', 36, 2, 'M.', 'Berger', 'Jean-Didier', 'La Garenne Colombes', '1980-01-23', 'jean-didier.berger@assemblee-nationale.fr', 12),
('PA569', 14, 10, 'M.', 'Bonnecarrère', 'Philippe', 'TOULOUSE', '1955-07-12', 'philippe.bonnecarrere@assemblee-nationale.fr', 1),
('PA588884', 37, 9, 'Mme', 'Autain', 'Clémentine', 'Saint-Cloud', '1973-05-26', 'Clementine.Autain@assemblee-nationale.fr', 11),
('PA605694', 38, 6, 'M.', 'Falorni', 'Olivier', 'Rochefort-sur-mer', '1972-03-27', 'Olivier.Falorni@assemblee-nationale.fr', 1),
('PA605745', 39, 5, 'M.', 'Sansu', 'Nicolas', 'Vierzon', '1968-06-17', 'nicolas.sansu@assemblee-nationale.fr', 2),
('PA605782', 14, 8, 'M.', 'Marcangeli', 'Laurent', 'Ajaccio', '1980-12-10', 'laurent.marcangeli@assemblee-nationale.fr', 1),
('PA606098', 40, 2, 'M.', 'Marleix', 'Olivier', 'Boulogne-Billancourt', '1971-02-06', 'Olivier.Marleix@assemblee-nationale.fr', 2),
('PA606507', 41, 4, 'M.', 'Boudié', 'Florent', 'Sainte-Foy-la-Grande', '1973-09-22', 'Florent.Boudie@assemblee-nationale.fr', 10),
('PA606545', 42, 9, 'M.', 'Roumégas', 'Jean-Louis', 'Alger', '1962-06-06', 'jean-louis.roumegas@assemblee-nationale.fr', 1),
('PA606573', 43, 1, 'Mme', 'Dombre Coste', 'Fanny', 'Sainte-Adresse', '1956-12-26', 'fanny.dombrecoste@assemblee-nationale.fr', 3),
('PA606793', 41, 1, 'M.', 'Baumel', 'Laurent', 'Charleville-Mezières', '1965-08-13', 'laurent.baumel@assemblee-nationale.fr', 4),
('PA607090', 40, 2, 'M.', 'Vigier', 'Jean-Pierre', 'Brioude', '1969-10-22', 'Jean-Pierre.Vigier@assemblee-nationale.fr', 2),
('PA607193', 44, 10, 'Mme', 'Errante', 'Sophie', 'Nantes', '1971-07-22', 'Sophie.Errante@assemblee-nationale.fr', 10),
('PA607395', 45, 4, 'M.', 'Travert', 'Stéphane', 'Carentan', '1969-10-12', 'Stephane.Travert@assemblee-nationale.fr', 3),
('PA607553', 31, 1, 'M.', 'Potier', 'Dominique', 'Toul', '1964-03-17', 'Dominique.Potier@assemblee-nationale.fr', 5),
('PA607619', 38, 3, 'M.', 'Molac', 'Paul', 'Ploermel', '1962-05-21', 'Paul.Molac@assemblee-nationale.fr', 4),
('PA607846', 46, 4, 'M.', 'Darmanin', 'Gérald', 'Valenciennes', '1982-10-11', 'gerald.darmanin@assemblee-nationale.fr', 10),
('PA608016', 47, 2, 'Mme', 'Louwagie', 'Véronique', 'Buis-sur-Damville', '1961-03-20', 'Veronique.Louwagie@assemblee-nationale.fr', 2),
('PA608172', 40, 1, 'Mme', 'Pirès Beaune', 'Christine', 'Saint-Georges-de-Mons', '1964-10-06', 'Christine.PiresBeaune@assemblee-nationale.fr', 2),
('PA608264', 29, 1, 'Mme', 'Capdevielle', 'Colette', 'Orthez', '1958-10-14', 'colette.capdevielle@assemblee-nationale.fr', 5),
('PA608826', 48, 2, 'Mme', 'Duby-Muller', 'Virginie', 'Bonneville', '1979-08-16', 'Virginie.Duby-Muller@assemblee-nationale.fr', 4),
('PA609332', 49, 1, 'M.', 'Faure', 'Olivier', 'La Tronche', '1968-08-18', 'Olivier.Faure@assemblee-nationale.fr', 11),
('PA610002', 46, 9, 'Mme', 'Sas', 'Eva', 'Nice', '1970-08-13', 'eva.sas@assemblee-nationale.fr', 8),
('PA610654', 9, 11, 'M.', 'Nilor', 'Jean-Philippe', 'Fort-de-France', '1965-05-15', 'Jean-Philippe.Nilor@assemblee-nationale.fr', 4),
('PA610968', 50, 9, 'M.', 'Amirshahi', 'Pouria', 'Shemran', '1972-03-27', 'pouria.amirshahi@assemblee-nationale.fr', 5),
('PA642695', 49, 4, 'M.', 'Bothorel', 'Éric', 'Paimpol', '1966-10-20', 'Eric.Bothorel@assemblee-nationale.fr', 5),
('PA642725', 7, 2, 'M.', 'Liégeon', 'Eric', 'Pontarlier', '1961-01-24', 'eric.liegeon@assemblee-nationale.fr', 5),
('PA642764', 51, 1, 'M.', 'Aviragnet', 'Joël', 'Encausse-les-Thermes', '1956-06-16', 'Joel.Aviragnet@assemblee-nationale.fr', 8),
('PA642847', 33, 2, 'M.', 'Bazin', 'Thibault', 'Nancy', '1984-10-27', 'Thibault.Bazin@assemblee-nationale.fr', 4),
('PA642935', 52, 4, 'M.', 'Becht', 'Olivier', 'Strasbourg', '1976-04-28', 'olivier.becht@assemblee-nationale.fr', 5),
('PA642988', 14, 12, 'M.', 'de Lépinau', 'Hervé', 'Boulogne-Billancourt', '1969-06-08', 'herve.delepinau@assemblee-nationale.fr', 3),
('PA643143', 53, 1, 'M.', 'Baptiste', 'Christian', 'Pointe-à-Pitre', '1962-06-18', 'christian.baptiste@assemblee-nationale.fr', 2),
('PA643157', 54, 1, 'M.', 'Naillet', 'Philippe', 'Saint-Denis', '1960-08-14', 'philippe.naillet@assemblee-nationale.fr', 1),
('PA643175', 55, 10, 'Mme', 'Dupont', 'Stella', 'Angers', '1973-11-03', 'Stella.Dupont@assemblee-nationale.fr', 2),
('PA643184', 56, 4, 'Mme', 'Klinkert', 'Brigitte', 'Colmar', '1956-07-22', 'brigitte.klinkert@assemblee-nationale.fr', 1),
('PA643192', 57, 1, 'Mme', 'Jourdan', 'Chantal', 'Domfront', '1958-09-02', 'chantal.jourdan@assemblee-nationale.fr', 1),
('PA677483', 14, 4, 'M.', 'Mazars', 'Stéphane', 'Saint-Yriex-la-Perche', '1969-03-25', 'Stephane.Mazars@assemblee-nationale.fr', 1),
('PA687214', 12, 8, 'M.', 'Berrios', 'Sylvain', 'Maisons-Alfort', '1968-05-06', 'sylvain.berrios@assemblee-nationale.fr', 1),
('PA695512', 36, 2, 'M.', 'Lepers', 'Guillaume', 'Besançon', '1978-12-21', 'guillaume.lepers@assemblee-nationale.fr', 3),
('PA712015', 58, 2, 'M.', 'Dive', 'Julien', 'Saint Quentin', '1985-05-21', 'Julien.Dive@assemblee-nationale.fr', 2),
('PA717161', 59, 4, 'Mme', 'Borne', 'Élisabeth', 'Paris', '1961-04-18', 'elisabeth.borne@assemblee-nationale.fr', 6),
('PA717379', 44, 4, 'M.', 'Maillard', 'Sylvain', 'Saint-Maur-des-Fossés', '1974-04-28', 'Sylvain.Maillard@assemblee-nationale.fr', 1),
('PA718784', 33, 2, 'M.', 'Pauget', 'Éric', 'Antibes', '1970-08-18', 'Eric.Pauget@assemblee-nationale.fr', 7),
('PA718838', 44, 2, 'M.', 'Brun', 'Fabrice', 'Avignon', '1968-04-02', 'Fabrice.Brun@assemblee-nationale.fr', 3),
('PA718850', 40, 2, 'M.', 'Cordier', 'Pierre', 'Charleville-Mézières', '1972-05-27', 'Pierre.Cordier@assemblee-nationale.fr', 2),
('PA718884', 60, 2, 'Mme', 'Bazin-Malgras', 'Valérie', 'Romilly-sur-Seine', '1969-10-31', 'Valerie.Bazin-Malgras@assemblee-nationale.fr', 2),
('PA719024', 61, 6, 'M.', 'Blanchet', 'Christophe', 'Caen', '1973-04-09', 'Christophe.Blanchet@assemblee-nationale.fr', 4),
('PA719032', 15, 8, 'M.', 'Bouyx', 'Bertrand', 'Juvisy-sur-Orge', '1970-05-26', 'Bertrand.Bouyx@assemblee-nationale.fr', 5),
('PA719052', 33, 8, 'M.', 'Kervran', 'Loïc', 'Moulins', '1984-02-11', 'Loic.Kervran@assemblee-nationale.fr', 3),
('PA719080', 28, 4, 'Mme', 'Marsaud', 'Sandra', 'Périgueux', '1974-01-02', 'Sandra.Marsaud@assemblee-nationale.fr', 2),
('PA719118', 62, 4, 'M.', 'Cormier-Bouligeon', 'François', 'Bourges', '1972-11-19', 'Francois.Cormier-Bouligeon@assemblee-nationale.fr', 1),
('PA719138', 63, 3, 'M.', 'Castellani', 'Michel', 'Bastia', '1945-09-28', 'Michel.Castellani@assemblee-nationale.fr', 1),
('PA719218', 64, 4, 'M.', 'Berville', 'Hervé', 'Madanzh Buhimga', '1990-01-15', 'herve.berville@assemblee-nationale.fr', 2),
('PA719272', 29, 2, 'Mme', 'Meunier', 'Frédérique', 'Paris', '1960-12-08', 'Frederique.Meunier@assemblee-nationale.fr', 2),
('PA719286', 16, 3, 'M.', 'Colombani', 'Paul-André', 'Bastia', '1967-08-17', 'Paul-Andre.Colombani@assemblee-nationale.fr', 2),
('PA719338', 65, 4, 'Mme', 'Melchior', 'Graziella', 'Brest', '1960-04-06', 'Graziella.Melchior@assemblee-nationale.fr', 5),
('PA719388', 66, 4, 'Mme', 'Le Meur', 'Annaïg', 'Brest', '1973-04-29', 'Annaig.LeMeur@assemblee-nationale.fr', 1),
('PA719404', 67, 4, 'M.', 'Le Gac', 'Didier', 'Castres', '1965-07-19', 'Didier.LeGac@assemblee-nationale.fr', 3),
('PA719412', 68, 4, 'Mme', 'Le Feur', 'Sandrine', 'Saint-Brieuc', '1991-03-18', 'Sandrine.LeFeur@assemblee-nationale.fr', 4),
('PA719436', 69, 12, 'M.', 'Meizonnet', 'Nicolas', 'Nîmes', '1983-12-22', 'nicolas.meizonnet@assemblee-nationale.fr', 2),
('PA719472', 1, 4, 'M.', 'Cazeneuve', 'Jean-René', 'Paris', '1958-06-09', 'Jean-Rene.Cazeneuve@assemblee-nationale.fr', 1),
('PA719512', 49, 4, 'Mme', 'Vignon', 'Corinne', 'Agen', '1963-06-10', 'Corinne.Vignon@assemblee-nationale.fr', 3),
('PA719528', 19, 8, 'M.', 'Portarrieu', 'Jean-François', 'Toulouse', '1965-10-14', 'Jean-Francois.Portarrieu@assemblee-nationale.fr', 5),
('PA719550', 41, 4, 'Mme', 'Tanguy', 'Liliana', 'Pancevo', '1967-03-12', 'Liliana.Tanguy@assemblee-nationale.fr', 7),
('PA719558', 70, 6, 'M.', 'Balanant', 'Erwan', 'Lorient', '1971-02-21', 'Erwan.Balanant@assemblee-nationale.fr', 8),
('PA719578', 71, 11, 'M.', 'Prud\'homme', 'Loïc', 'Bègles', '1969-08-19', 'Loic.Prudhomme@assemblee-nationale.fr', 3),
('PA719632', 72, 4, 'Mme', 'Panonacle', 'Sophie', 'Bordeaux', '1968-12-16', 'Sophie.Panonacle@assemblee-nationale.fr', 8),
('PA719640', 72, 6, 'Mme', 'Mette', 'Sophie', 'Montauban', '1959-09-13', 'Sophie.Mette@assemblee-nationale.fr', 9),
('PA719756', 73, 4, 'Mme', 'Le Nabour', 'Christine', 'Noisy-le-Sec', '1964-10-28', 'Christine.lenabour@assemblee-nationale.fr', 5),
('PA719778', 49, 8, 'M.', 'Jolivet', 'François', 'Chateauroux', '1966-03-21', 'Francois.Jolivet@assemblee-nationale.fr', 1),
('PA719798', 74, 4, 'M.', 'Labaronne', 'Daniel', 'Paris', '1955-07-16', 'Daniel.Labaronne@assemblee-nationale.fr', 2),
('PA719822', 75, 6, 'Mme', 'Thillaye', 'Sabine', 'Remscheid', '1959-05-18', 'Sabine.Thillaye@assemblee-nationale.fr', 5),
('PA719890', 76, 4, 'Mme', 'Brulebois', 'Danielle', 'Longwy-sur-le-Doubs', '1947-07-04', 'Danielle.Brulebois@assemblee-nationale.fr', 1),
('PA719918', 9, 6, 'M.', 'Lainé', 'Fabien', 'ARCACHON', '1976-04-15', 'Fabien.Laine@assemblee-nationale.fr', 1),
('PA719922', 33, 4, 'M.', 'Causse', 'Lionel', 'Toulouse', '1971-05-06', 'Lionel.Causse@assemblee-nationale.fr', 2),
('PA719930', 40, 1, 'M.', 'Vallaud', 'Boris', 'Beyrouth', '1975-07-25', 'Boris.Vallaud@assemblee-nationale.fr', 3),
('PA719938', 77, 6, 'M.', 'Fesneau', 'Marc', 'Paris', '1971-01-11', 'marc.fesneau@assemblee-nationale.fr', 1),
('PA719968', 78, 2, 'Mme', 'Bonnet', 'Sylvie', 'Saint-Just-Saint-Rambert', '1969-12-21', 'sylvie.bonnet@assemblee-nationale.fr', 4),
('PA720022', 16, 4, 'M.', 'Lauzzana', 'Michel', 'Castelsarrasin', '1957-03-20', 'Michel.Lauzzana@assemblee-nationale.fr', 1),
('PA720038', 66, 6, 'Mme', 'Josso', 'Sandrine', 'Guérande', '1975-09-19', 'Sandrine.Josso@assemblee-nationale.fr', 7),
('PA720066', 16, 4, 'Mme', 'Rist', 'Stéphanie', 'Athis Mons', '1973-08-06', 'Stephanie.Rist@assemblee-nationale.fr', 1),
('PA720092', 33, 6, 'M.', 'Ramos', 'Richard', 'Blois', '1968-03-23', 'Richard.Ramos@assemblee-nationale.fr', 6),
('PA720100', 49, 10, 'M.', 'Pradié', 'Aurélien', 'Cahors', '1986-03-14', 'Aurelien.Pradie@assemblee-nationale.fr', 1),
('PA720138', 79, 8, 'Mme', 'Saint-Paul', 'Laetitia', 'Chartres', '1981-01-21', 'Laetitia.Saint-Paul@assemblee-nationale.fr', 4),
('PA720146', 80, 4, 'M.', 'Masséglia', 'Denis', 'Nice', '1981-04-11', 'Denis.Masseglia@assemblee-nationale.fr', 5),
('PA720154', 81, 4, 'Mme', 'Dubré-Chirat', 'Nicole', 'Felletin', '1951-12-18', 'Nicole.Dubre-Chirat@assemblee-nationale.fr', 6),
('PA720162', 1, 6, 'M.', 'Bolo', 'Philippe', 'Limoges', '1967-03-25', 'Philippe.Bolo@assemblee-nationale.fr', 7),
('PA720190', 82, 4, 'M.', 'Sorre', 'Bertrand', 'Cherbourg', '1965-05-08', 'Bertrand.Sorre@assemblee-nationale.fr', 2),
('PA720230', 20, 8, 'Mme', 'Magnier', 'Lise', 'Châlons-sur-Marne', '1984-12-31', 'Lise.Magnier@assemblee-nationale.fr', 4),
('PA720256', 83, 6, 'Mme', 'Bannier', 'Géraldine', 'Laval', '1979-11-22', 'Geraldine.Bannier@assemblee-nationale.fr', 2),
('PA720334', 84, 6, 'M.', 'Pahun', 'Jimmy', 'Paris', '1962-05-15', 'Jimmy.Pahun@assemblee-nationale.fr', 2),
('PA720342', 85, 4, 'Mme', 'Le Peih', 'Nicole', 'Pontivy', '1959-09-28', 'Nicole.LePeih@assemblee-nationale.fr', 3),
('PA720354', 86, 4, 'M.', 'Jacques', 'Jean-Michel', 'Metz', '1968-02-29', 'Jean-Michel.Jacques@assemblee-nationale.fr', 6),
('PA720362', 44, 4, 'M.', 'Belhaddad', 'Belkhir', 'Timgad', '1969-07-09', 'Belkhir.Belhaddad@assemblee-nationale.fr', 1),
('PA720370', 49, 4, 'M.', 'Mendes', 'Ludovic', 'Metz', '1987-04-11', 'Ludovic.Mendes@assemblee-nationale.fr', 2),
('PA720386', 87, 2, 'M.', 'Di Filippo', 'Fabien', 'Sarrebourg', '1986-08-23', 'Fabien.DiFilippo@assemblee-nationale.fr', 4),
('PA720430', 40, 11, 'M.', 'Bernalicis', 'Ugo', 'Arras', '1989-09-25', 'Ugo.Bernalicis@assemblee-nationale.fr', 2),
('PA720446', 61, 4, 'Mme', 'Liso', 'Brigitte', 'Lille', '1959-07-29', 'Brigitte.Liso@assemblee-nationale.fr', 4),
('PA720468', 88, 12, 'M.', 'Chenu', 'Sébastien', 'Beauvais', '1973-04-13', 'Sebastien.Chenu@assemblee-nationale.fr', 19),
('PA720552', 89, 8, 'Mme', 'Rauch', 'Isabelle', 'Villers-Semeuse', '1968-08-10', 'Isabelle.Rauch@assemblee-nationale.fr', 9),
('PA720560', 33, 6, 'Mme', 'Goulet', 'Perrine', 'Nevers', '1978-03-19', 'Perrine.Goulet@assemblee-nationale.fr', 1),
('PA720614', 29, 12, 'Mme', 'Le Pen', 'Marine', 'Neuilly-sur-Seine', '1968-08-05', 'Marine.LePen@assemblee-nationale.fr', 11),
('PA720644', 90, 2, 'M.', 'Nury', 'Jérôme', 'Valence', '1972-08-25', 'Jerome.Nury@assemblee-nationale.fr', 3),
('PA720668', 91, 12, 'M.', 'Blairy', 'Emmanuel', 'Lens', '1986-03-14', 'emmanuel.blairy@assemblee-nationale.fr', 1),
('PA720720', 92, 6, 'Mme', 'Poueyto', 'Josy', 'Paris', '1954-01-13', 'Josy.Poueyto@assemblee-nationale.fr', 1),
('PA720728', 11, 6, 'M.', 'Mattei', 'Jean-Paul', 'Saarburg', '1954-03-21', 'Jean-Paul.Mattei@assemblee-nationale.fr', 2),
('PA720822', 62, 12, 'M.', 'Bilde', 'Bruno', 'Laxou', '1976-09-22', 'Bruno.Bilde@assemblee-nationale.fr', 12),
('PA720838', 93, 5, 'Mme', 'Bourouaha', 'Soumya', 'Gazahouet', '1964-03-16', 'soumya.bourouaha@assemblee-nationale.fr', 4),
('PA720846', 83, 11, 'M.', 'Lachaud', 'Bastien', 'Vitry sur Seine', '1980-08-05', 'Bastien.Lachaud@assemblee-nationale.fr', 6),
('PA720892', 94, 11, 'Mme', 'Panot', 'Mathilde', 'Tours', '1989-01-15', 'Mathilde.Panot@assemblee-nationale.fr', 10),
('PA720908', 14, 8, 'Mme', 'Moutchou', 'Naïma', 'Ermont', '1980-11-04', 'Naima.Moutchou@assemblee-nationale.fr', 4),
('PA720952', 40, 11, 'M.', 'Taché', 'Aurélien', 'Niort', '1984-05-26', 'Aurelien.Tache@assemblee-nationale.fr', 10),
('PA720960', 95, 3, 'M.', 'Serva', 'Olivier', 'Pointe-à-Pitre', '1974-06-21', 'Olivier.Serva@assemblee-nationale.fr', 1),
('PA720976', 96, 3, 'M.', 'Mathiasin', 'Max', 'Deshaies', '1956-02-24', 'Max.Mathiasin@assemblee-nationale.fr', 3),
('PA720992', 97, 1, 'M.', 'William', 'Jiovanny', 'Fort-de-France', '1985-06-03', 'jiovanny.william@assemblee-nationale.fr', 1),
('PA721004', 2, 4, 'Mme', 'Lakrafi', 'Amélia', 'Casablanca', '1978-03-20', 'amelia.lakrafi@assemblee-nationale.fr', 10),
('PA721062', 98, 11, 'M.', 'Ratenon', 'Jean-Hugues', 'Saint-Benoit', '1967-06-25', 'Jean-Hugues.Ratenon@assemblee-nationale.fr', 5),
('PA721110', 83, 3, 'Mme', 'Sanquer', 'Nicole', 'Papeete', '1972-06-16', 'nicole.sanquer@assemblee-nationale.fr', 2),
('PA721134', 77, 4, 'M.', 'Lescure', 'Roland', 'Paris', '1966-11-26', 'roland.lescure@assemblee-nationale.fr', 1),
('PA721158', 99, 4, 'M.', 'Anglade', 'Pieyre-Alexandre', 'Paris', '1986-11-02', 'Pieyre-Alexandre.Anglade@assemblee-nationale.fr', 4),
('PA721170', 100, 4, 'M.', 'Vojetta', 'Stéphane', 'Nancy', '1974-07-19', 'stephane.vojetta@assemblee-nationale.fr', 5),
('PA721182', 1, 6, 'M.', 'Petit', 'Frédéric', 'Marseille', '1961-02-10', 'Frederic.Petit@assemblee-nationale.fr', 7),
('PA721202', 44, 11, 'M.', 'Coquerel', 'Éric', 'Courbevoie', '1958-12-30', 'Eric.Coquerel@assemblee-nationale.fr', 1),
('PA721210', 101, 9, 'M.', 'Corbière', 'Alexis', 'Béziers', '1968-08-17', 'Alexis.Corbiere@assemblee-nationale.fr', 7),
('PA721234', 102, 6, 'Mme', 'Petit', 'Maud', 'Paris', '1971-11-15', 'Maud.Petit@assemblee-nationale.fr', 4),
('PA721270', 103, 5, 'M.', 'Peu', 'Stéphane', 'Pau', '1962-07-24', 'Stephane.Peu@assemblee-nationale.fr', 2),
('PA721296', 104, 4, 'M.', 'Gouffier Valente', 'Guillaume', 'Beauvais', '1986-02-01', 'guillaume.gouffier-valente@assemblee-nationale.fr', 6),
('PA721314', 12, 10, 'M.', 'Schellenberger', 'Raphaël', 'Mulhouse', '1990-02-14', 'Raphael.Schellenberger@assemblee-nationale.fr', 4),
('PA721336', 73, 6, 'Mme', 'Brocard', 'Blandine', 'Strasbourg', '1981-11-03', 'Blandine.Brocard@assemblee-nationale.fr', 5),
('PA721410', 105, 2, 'Mme', 'Bonnivard', 'Émilie', 'Chambéry', '1980-08-02', 'Emilie.Bonnivard@assemblee-nationale.fr', 3),
('PA721426', 106, 4, 'Mme', 'Riotton', 'Véronique', 'Bonneville', '1969-11-02', 'Veronique.Riotton@assemblee-nationale.fr', 1),
('PA721442', 107, 2, 'Mme', 'Petex', 'Christelle', 'Annecy', '1980-09-02', 'christelle.petex-levet@assemblee-nationale.fr', 3),
('PA721458', 61, 8, 'M.', 'Roseren', 'Xavier', 'Chamonix Mont-Blanc', '1970-01-12', 'Xavier.Roseren@assemblee-nationale.fr', 6),
('PA721474', 14, 3, 'M.', 'Viry', 'Stéphane', 'Epinal', '1969-10-14', 'Stephane.Viry@assemblee-nationale.fr', 1),
('PA721486', 44, 3, 'M.', 'Naegelen', 'Christophe', 'Remiremont', '1983-12-30', 'Christophe.Naegelen@assemblee-nationale.fr', 3),
('PA721584', 14, 4, 'M.', 'Terlier', 'Jean', 'Toulon', '1977-03-02', 'Jean.Terlier@assemblee-nationale.fr', 3),
('PA721750', 108, 4, 'Mme', 'Calvez', 'Céline', 'Rennes', '1979-07-24', 'Celine.Calvez@assemblee-nationale.fr', 5),
('PA721764', 2, 4, 'Mme', 'Grégoire', 'Olivia', 'Paris', '1978-09-30', 'olivia.gregoire@assemblee-nationale.fr', 12),
('PA721816', 33, 2, 'M.', 'Boucard', 'Ian', 'Belfort', '1988-05-05', 'Ian.Boucard@assemblee-nationale.fr', 1),
('PA721844', 2, 8, 'Mme', 'Piron', 'Béatrice', 'Martigues', '1965-08-30', 'Beatrice.Piron@assemblee-nationale.fr', 3),
('PA721852', 109, 4, 'Mme', 'Lebec', 'Marie', 'Vernon', '1990-12-17', 'Marie.Lebec@assemblee-nationale.fr', 4),
('PA721896', 110, 5, 'Mme', 'Faucillon', 'Elsa', 'Amiens', '1981-08-06', 'Elsa.Faucillon@assemblee-nationale.fr', 1),
('PA721908', 29, 4, 'Mme', 'Braun-Pivet', 'Yaël', 'Nancy', '1970-12-07', 'Yael.Braun-Pivet@assemblee-nationale.fr', 5),
('PA721916', 111, 4, 'Mme', 'Pouzyreff', 'Natalia', 'Limoges', '1961-02-18', 'Natalia.Pouzyreff@assemblee-nationale.fr', 6),
('PA721932', 112, 12, 'Mme', 'Lorho', 'Marie-France', 'Colmar', '1964-12-15', 'Marie-France.Lorho@assemblee-nationale.fr', 4),
('PA721960', 113, 11, 'Mme', 'Obono', 'Danièle', 'Libreville', '1980-07-12', 'Daniele.Obono@assemblee-nationale.fr', 17),
('PA721984', 49, 6, 'M.', 'Latombe', 'Philippe', 'Paris', '1975-04-21', 'Philippe.Latombe@assemblee-nationale.fr', 1),
('PA722000', 49, 4, 'M.', 'Buchou', 'Stéphane', 'Strasbourg', '1974-03-14', 'Stephane.Buchou@assemblee-nationale.fr', 3),
('PA722046', 49, 4, 'Mme', 'Bergé', 'Aurore', 'Paris', '1986-11-13', 'Aurore.Berge@assemblee-nationale.fr', 10),
('PA722070', 83, 8, 'M.', 'Henriet', 'Pierre', 'Fontenay-le-Comte', '1991-11-26', 'Pierre.Henriet@assemblee-nationale.fr', 5),
('PA722102', 114, 4, 'Mme', 'Vidal', 'Annie', 'La Bohalle', '1956-09-17', 'Annie.Vidal@assemblee-nationale.fr', 2),
('PA722134', 71, 4, 'M.', 'Fiévet', 'Jean-Marie', 'Bressuire', '1964-06-19', 'Jean-Marie.Fievet@assemblee-nationale.fr', 3),
('PA722142', 115, 9, 'M.', 'Ruffin', 'François', 'Calais', '1975-10-18', 'Francois.Ruffin@assemblee-nationale.fr', 1),
('PA722150', 14, 10, 'M.', 'Houlié', 'Sacha', 'Bressuire', '1988-10-08', 'Sacha.Houlie@assemblee-nationale.fr', 2),
('PA722162', 68, 6, 'M.', 'Turquois', 'Nicolas', 'Tours', '1972-07-26', 'Nicolas.Turquois@assemblee-nationale.fr', 4),
('PA722190', 116, 4, 'M.', 'Attal', 'Gabriel', 'Clamart', '1989-03-16', 'gabriel.attal@assemblee-nationale.fr', 10),
('PA722252', 117, 4, 'Mme', 'Rixain', 'Marie-Pierre', 'Saint-Cyr-l\'Ecole', '1977-01-18', 'Marie-Pierre.Rixain@assemblee-nationale.fr', 4),
('PA722284', 2, 6, 'M.', 'Fuchs', 'Bruno', 'Colmar', '1959-04-07', 'Bruno.Fuchs@assemblee-nationale.fr', 6),
('PA722328', 118, 2, 'Mme', 'Kremer', 'Eliane', 'Saverne', '1956-03-12', 'eliane.kremer@assemblee-nationale.fr', 7),
('PA722336', 33, 8, 'M.', 'Thiébaut', 'Vincent', 'Toulouse', '1972-05-23', 'Vincent.Thiebaut@assemblee-nationale.fr', 9),
('PA722358', 119, 4, 'M.', 'Gassilloud', 'Thomas', 'Saint-Symphorien-sur-Coise', '1981-05-21', 'Thomas.Gassilloud@assemblee-nationale.fr', 10),
('PA722366', 120, 4, 'M.', 'Fugit', 'Jean-Luc', 'Rodez', '1969-11-27', 'Jean-Luc.Fugit@assemblee-nationale.fr', 11),
('PA722374', 16, 6, 'M.', 'Isaac-Sibille', 'Cyrille', 'Lyon', '1958-04-30', 'Cyrille.Isaac-Sibille@assemblee-nationale.fr', 12),
('PA722382', 44, 4, 'M.', 'Dirx', 'Benjamin', 'Villefranche-sur-Saone', '1979-01-25', 'Benjamin.Dirx@assemblee-nationale.fr', 1),
('PA722390', 15, 2, 'Mme', 'Corneloup', 'Josiane', 'Le Creusot', '1959-09-30', 'Josiane.Corneloup@assemblee-nationale.fr', 2),
('PA736201', 90, 9, 'Mme', 'Taillé-Polian', 'Sophie', 'Ermont', '1974-10-04', 'sophie.taille-polian@assemblee-nationale.fr', 11),
('PA757225', 121, 4, 'M.', 'Seo', 'Mikaele', 'Uvea', '1971-12-27', 'mikaele.seo@assemblee-nationale.fr', 1),
('PA774954', 62, 2, 'Mme', 'Blin', 'Anne-Laure', 'Toul', '1983-06-12', 'anne-laure.blin@assemblee-nationale.fr', 3),
('PA774958', 122, 1, 'M.', 'Leseul', 'Gérard', 'Le Mesnil Esnard', '1960-08-15', 'gerard.leseul@assemblee-nationale.fr', 5),
('PA774960', 20, 1, 'Mme', 'Santiago', 'Isabelle', 'Neuilly-sur-Seine', '1965-09-20', 'isabelle.santiago@assemblee-nationale.fr', 9),
('PA774962', 123, 5, 'Mme', 'Lebon', 'Karine', 'Le Port', '1985-06-09', 'karine.lebon@assemblee-nationale.fr', 2),
('PA791812', 124, 11, 'Mme', 'Chikirou', 'Sophia', 'Bonneville', '1979-06-03', 'sophia.chikirou@assemblee-nationale.fr', 6),
('PA791824', 125, 11, 'Mme', 'Legrain', 'Sarah', 'Paris', '1985-11-17', 'sarah.legrain@assemblee-nationale.fr', 16),
('PA793094', 126, 2, 'M.', 'Ray', 'Nicolas', 'Vichy', '1981-05-14', 'nicolas.ray@assemblee-nationale.fr', 3),
('PA793102', 56, 12, 'M.', 'Girard', 'Christian', 'Manosque', '1952-05-07', 'christian.girard@assemblee-nationale.fr', 1),
('PA793122', 14, 6, 'M.', 'Daubié', 'Romain', 'Villeurbanne', '1980-05-05', 'romain.daubie@assemblee-nationale.fr', 2),
('PA793134', 127, 12, 'M.', 'Buisson', 'Jérôme', 'Roanne', '1973-01-15', 'jerome.buisson@assemblee-nationale.fr', 4),
('PA793146', 97, 12, 'M.', 'Dragon', 'Nicolas', 'Laon', '1977-04-19', 'nicolas.dragon@assemblee-nationale.fr', 1),
('PA793158', 128, 12, 'M.', 'Beaurain', 'José', 'Chauny', '1971-07-27', 'jose.beaurain@assemblee-nationale.fr', 4),
('PA793166', 107, 12, 'M.', 'Dessigny', 'Jocelyn', 'Noisy-le-Grand', '1981-06-29', 'jocelyn.dessigny@assemblee-nationale.fr', 5),
('PA793174', 90, 5, 'M.', 'Monnet', 'Yannick', 'Moulins', '1975-10-07', 'yannick.monnet@assemblee-nationale.fr', 1),
('PA793182', 129, 12, 'M.', 'Bovet', 'Jorys', 'Saint Martin d\'Hères', '1993-03-30', 'jorys.bovet@assemblee-nationale.fr', 2),
('PA793194', 130, 10, 'M.', 'Vuibert', 'Lionel', 'Villers-Semeuse', '1968-08-31', 'lionel.vuibert@assemblee-nationale.fr', 1),
('PA793210', 131, 3, 'M.', 'Panifous', 'Laurent', 'Foix', '1976-12-21', 'laurent.panifous@assemblee-nationale.fr', 2),
('PA793218', 132, 12, 'M.', 'Guitton', 'Jordan', 'Troyes', '1995-01-30', 'jordan.guitton@assemblee-nationale.fr', 1),
('PA793230', 133, 12, 'Mme', 'Ranc', 'Angélique', 'Troyes', '1988-03-16', 'angelique.ranc@assemblee-nationale.fr', 3),
('PA793238', 134, 12, 'M.', 'Barthès', 'Christophe', 'Carcassonne', '1966-10-12', 'christophe.barthes@assemblee-nationale.fr', 1),
('PA793246', 135, 12, 'M.', 'Falcon', 'Frédéric', 'Besançon', '1985-11-23', 'frederic.falcon@assemblee-nationale.fr', 2),
('PA793254', 97, 12, 'M.', 'Rancoule', 'Julien', 'Carcassonne', '1993-07-31', 'julien.rancoule@assemblee-nationale.fr', 3),
('PA793262', 136, 11, 'M.', 'Alexandre', 'Laurent', 'Decazeville', '1973-06-09', 'laurent.alexandre@assemblee-nationale.fr', 2),
('PA793270', 137, 4, 'M.', 'Rousset', 'Jean-François', 'Aurillac', '1952-09-09', 'jean-francois.rousset@assemblee-nationale.fr', 3),
('PA793290', 138, 12, 'Mme', 'Lelouis', 'Gisèle', 'Paris', '1952-03-10', 'gisele.lelouis@assemblee-nationale.fr', 3),
('PA793298', 124, 12, 'M.', 'Tivoli', 'Lionel', 'Marseille', '1988-02-29', 'lionel.tivoli@assemblee-nationale.fr', 2),
('PA793314', 97, 12, 'Mme', 'Masson', 'Alexandra', 'Nice', '1971-07-02', 'alexandra.masson@assemblee-nationale.fr', 4),
('PA793322', 29, 7, 'Mme', 'D\'Intorni', 'Christelle', 'Nice', '1985-05-02', 'christelle.dintorni@assemblee-nationale.fr', 5),
('PA793330', 121, 12, 'M.', 'Masson', 'Bryan', 'Cagnes sur mer', '1996-12-21', 'bryan.masson@assemblee-nationale.fr', 6),
('PA793342', 139, 2, 'Mme', 'Martin', 'Alexandra', 'Nice', '1968-10-25', 'alexandra.martin@assemblee-nationale.fr', 8),
('PA793354', 140, 12, 'Mme', 'Mélin', 'Joëlle', 'Versailles', '1950-03-26', 'joelle.melin@assemblee-nationale.fr', 9),
('PA793362', 138, 12, 'M.', 'Gonzalez', 'José', 'Oran', '1943-04-28', 'jose.gonzalez@assemblee-nationale.fr', 10),
('PA793374', 141, 12, 'M.', 'Baubry', 'Romain', 'Mont-saint-Aignan', '1989-01-28', 'romain.baubry@assemblee-nationale.fr', 15),
('PA793382', 90, 12, 'M.', 'Taché de la Pagerie', 'Emmanuel', 'Montreuil', '1975-02-20', 'emmanuel.tachedelapagerie@assemblee-nationale.fr', 16),
('PA793394', 32, 1, 'M.', 'Delaporte', 'Arthur', 'Caen', '1991-10-07', 'arthur.delaporte@assemblee-nationale.fr', 2),
('PA793398', 90, 8, 'M.', 'Patrier-Leitus', 'Jérémie', 'Paris', '1989-03-07', 'jeremie.patrier-leitus@assemblee-nationale.fr', 3),
('PA793432', 97, 12, 'M.', 'Allisio', 'Franck', 'Marseille', '1980-08-04', 'franck.allisio@assemblee-nationale.fr', 12),
('PA793444', 1, 11, 'M.', 'Bompard', 'Manuel', 'Firminy', '1986-03-30', 'manuel.bompard@assemblee-nationale.fr', 4),
('PA793452', 32, 9, 'M.', 'Davi', 'Hendrik', 'Athis-Mons', '1977-12-21', 'hendrik.davi@assemblee-nationale.fr', 5),
('PA793464', 142, 11, 'M.', 'Delogu', 'Sébastien', 'Marseille', '1987-06-08', 'sebastien.delogu@assemblee-nationale.fr', 7),
('PA793508', 143, 2, 'M.', 'Brigand', 'Hubert', 'Chatillon-sur-Seine', '1952-07-28', 'hubert.brigand@assemblee-nationale.fr', 4),
('PA793520', 144, 6, 'M.', 'Cosson', 'Mickaël', 'Saint-Brieuc', '1975-11-29', 'mickael.cosson@assemblee-nationale.fr', 1),
('PA793532', 145, 11, 'Mme', 'Lepvraud', 'Murielle', 'Loudeac', '1974-07-15', 'murielle.lepvraud@assemblee-nationale.fr', 4),
('PA793548', 146, 12, 'Mme', 'Colombier', 'Caroline', 'Autun', '1957-08-22', 'caroline.colombier@assemblee-nationale.fr', 3),
('PA793572', 97, 8, 'M.', 'Plassard', 'Christophe', 'La Garenne-Colombes', '1967-11-19', 'christophe.plassard@assemblee-nationale.fr', 5),
('PA793592', 121, 12, 'Mme', 'Grangier', 'Géraldine', 'Besançon', '1975-02-13', 'geraldine.grangier@assemblee-nationale.fr', 4),
('PA793608', 147, 12, 'Mme', 'Levavasseur', 'Katiana', 'Rouen', '1970-12-09', 'katiana.levavasseur@assemblee-nationale.fr', 2),
('PA793616', 148, 12, 'M.', 'Mauvieux', 'Kévin', 'Pont-Audemer', '1991-09-09', 'kevin.mauvieux@assemblee-nationale.fr', 3),
('PA793624', 149, 1, 'M.', 'Brun', 'Philippe', 'Rouen', '1991-10-16', 'philippe.brun@assemblee-nationale.fr', 4),
('PA793632', 4, 12, 'M.', 'Houssin', 'Timothée', 'Lille', '1988-07-29', 'timothee.houssin@assemblee-nationale.fr', 5),
('PA793656', 136, 12, 'Mme', 'Pollet', 'Lisette', 'Romorantin-Lanthenay', '1968-01-04', 'lisette.pollet@assemblee-nationale.fr', 2),
('PA793664', 150, 9, 'Mme', 'Pochon', 'Marie', 'Grenoble', '1990-05-04', 'marie.pochon@assemblee-nationale.fr', 3),
('PA793672', 151, 12, 'Mme', 'Loir', 'Christine', 'Pont-Audemer', '1977-02-22', 'christine.loir@assemblee-nationale.fr', 1),
('PA793696', 151, 12, 'M.', 'Muller', 'Serge', 'Toulon', '1976-02-26', 'serge.muller@assemblee-nationale.fr', 2),
('PA793708', 151, 9, 'M.', 'Peytavie', 'Sébastien', 'Sarlat', '1982-04-17', 'sebastien.peytavie@assemblee-nationale.fr', 4),
('PA793716', 152, 6, 'M.', 'Croizier', 'Laurent', 'Besançon', '1975-01-29', 'laurent.croizier@assemblee-nationale.fr', 1),
('PA793736', 153, 11, 'M.', 'Clouet', 'Hadrien', 'Aix-en-Provence', '1991-07-13', 'hadrien.clouet@assemblee-nationale.fr', 1),
('PA793744', 154, 11, 'Mme', 'Stambach-Terrenoir', 'Anne', 'Amiens', '1980-06-23', 'anne.stambach-terrenoir@assemblee-nationale.fr', 2),
('PA793756', 155, 11, 'M.', 'Piquemal', 'François', 'Besançon', '1984-12-28', 'francois.piquemal@assemblee-nationale.fr', 4),
('PA793772', 156, 11, 'M.', 'Bex', 'Christophe', 'Neufchâteau', '1961-11-14', 'christophe.bex@assemblee-nationale.fr', 7),
('PA793780', 56, 9, 'Mme', 'Arrighi', 'Christine', 'Lannemezan', '1959-09-19', 'christine.arrighi@assemblee-nationale.fr', 9),
('PA793796', 157, 3, 'M.', 'Taupiac', 'David', 'Montauban', '1975-05-13', 'david.taupiac@assemblee-nationale.fr', 2),
('PA793816', 32, 1, 'Mme', 'Thomin', 'Mélanie', 'Landerneau', '1984-06-04', 'melanie.thomin@assemblee-nationale.fr', 6),
('PA793832', 90, 12, 'M.', 'Gillet', 'Yoann', 'Rennes', '1986-08-29', 'yoann.gillet@assemblee-nationale.fr', 1),
('PA793844', 97, 12, 'Mme', 'Bordes', 'Pascale', 'Bagnols-sur-Ceze', '1961-10-15', 'pascale.bordes@assemblee-nationale.fr', 3),
('PA793852', 107, 12, 'M.', 'Meurin', 'Pierre', 'Paris', '1989-11-30', 'pierre.meurin@assemblee-nationale.fr', 4),
('PA793872', 32, 11, 'Mme', 'Oziol', 'Nathalie', 'Toulouse', '1990-02-18', 'nathalie.oziol@assemblee-nationale.fr', 2),
('PA793892', 145, 12, 'Mme', 'Galzy', 'Stéphanie', 'Pézenas', '1981-10-20', 'stephanie.galzy@assemblee-nationale.fr', 5),
('PA793904', 158, 12, 'M.', 'Lopez-Liguori', 'Aurélien', 'Aix-en-Provence', '1993-05-17', 'aurelien.lopezliguori@assemblee-nationale.fr', 7),
('PA793912', 159, 11, 'M.', 'Carrière', 'Sylvain', 'Béziers', '1991-05-21', 'sylvain.carriere@assemblee-nationale.fr', 8),
('PA793928', 107, 12, 'Mme', 'Diaz', 'Edwige', 'Marseille', '1987-10-15', 'edwige.diaz@assemblee-nationale.fr', 11),
('PA793940', 90, 4, 'M.', 'Cazenave', 'Thomas', 'Bordeaux', '1978-03-06', 'thomas.cazenave@assemblee-nationale.fr', 1),
('PA793948', 160, 9, 'M.', 'Thierry', 'Nicolas', 'Creon', '1975-12-08', 'nicolas.thierry@assemblee-nationale.fr', 2),
('PA793980', 161, 9, 'M.', 'Fournier', 'Charles', 'Romorantin-Lanthenay', '1968-03-10', 'charles.fournier@assemblee-nationale.fr', 1),
('PA793992', 162, 8, 'M.', 'Alfandari', 'Henri', 'Chambray-lès-Tours', '1979-10-02', 'henri.alfandari@assemblee-nationale.fr', 3),
('PA794008', 163, 9, 'Mme', 'Chatelain', 'Cyrielle', 'Montbéliard', '1987-07-15', 'cyrielle.chatelain@assemblee-nationale.fr', 2),
('PA794022', 164, 9, 'M.', 'Iordanoff', 'Jérémie', 'Laxou', '1983-02-02', 'jeremie.iordanoff@assemblee-nationale.fr', 5),
('PA794030', 135, 12, 'M.', 'Jolly', 'Alexis', 'Besançon', '1990-12-22', 'alexis.jolly@assemblee-nationale.fr', 6),
('PA794038', 165, 2, 'M.', 'Neuder', 'Yannick', 'Tullins', '1969-03-15', 'yannick.neuder@assemblee-nationale.fr', 7),
('PA794058', 166, 2, 'Mme', 'Gruet', 'Justine', 'Besançon', '1989-10-23', 'justine.gruet@assemblee-nationale.fr', 3),
('PA794082', 167, 11, 'Mme', 'Hignet', 'Mathilde', 'Rennes', '1993-06-10', 'mathilde.hignet@assemblee-nationale.fr', 4),
('PA794094', 59, 1, 'M.', 'Bouloux', 'Mickaël', 'Dinan', '1972-08-16', 'mickael.bouloux@assemblee-nationale.fr', 8),
('PA794106', 32, 11, 'Mme', 'Taurinya', 'Andrée', 'Toulouse', '1963-06-03', 'andree.taurinya@assemblee-nationale.fr', 2),
('PA794114', 168, 6, 'M.', 'Mandon', 'Emmanuel', 'Neuilly-sur-Seine', '1965-06-22', 'emmanuel.mandon@assemblee-nationale.fr', 3),
('PA794118', 169, 2, 'M.', 'Vermorel-Marques', 'Antoine', 'Roanne', '1993-02-17', 'antoine.vermorel@assemblee-nationale.fr', 5),
('PA794130', 170, 11, 'M.', 'Kerbrat', 'Andy', 'Toulouse', '1990-10-01', 'andy.kerbrat@assemblee-nationale.fr', 2),
('PA794138', 145, 11, 'Mme', 'Amiot', 'Ségolène', 'Chatenay-Malabry', '1986-02-23', 'segolene.amiot@assemblee-nationale.fr', 3),
('PA794146', 56, 9, 'Mme', 'Laernoes', 'Julie', 'Delft', '1982-07-03', 'julie.laernoes@assemblee-nationale.fr', 4),
('PA794154', 32, 9, 'M.', 'Raux', 'Jean-Claude', 'Argentan', '1967-01-18', 'jean-claude.raux@assemblee-nationale.fr', 6),
('PA794166', 90, 11, 'M.', 'Tavel', 'Matthias', 'Villeurbanne', '1987-07-06', 'matthias.tavel@assemblee-nationale.fr', 8),
('PA794178', 162, 2, 'M.', 'Taite', 'Jean-Pierre', 'Feurs', '1962-03-14', 'jean-pierre.taite@assemblee-nationale.fr', 6),
('PA794198', 171, 12, 'M.', 'Chudeau', 'Roger', 'Berlin', '1949-09-28', 'roger.chudeau@assemblee-nationale.fr', 2),
('PA794206', 172, 4, 'M.', 'Marion', 'Christophe', 'Vendôme', '1973-04-25', 'christophe.marion@assemblee-nationale.fr', 3),
('PA794234', 56, 8, 'M.', 'Gernigon', 'François', 'Angers', '1961-04-02', 'francois.gernigon@assemblee-nationale.fr', 1),
('PA794270', 32, 1, 'Mme', 'Pic', 'Anna', 'Montpellier', '1978-06-04', 'anna.pic@assemblee-nationale.fr', 4),
('PA794278', 97, 8, 'M.', 'Albertini', 'Xavier', 'Royan', '1970-01-28', 'xavier.albertini@assemblee-nationale.fr', 1),
('PA794322', 107, 12, 'M.', 'Ménagé', 'Thomas', 'Blois', '1992-01-06', 'thomas.menage@assemblee-nationale.fr', 4),
('PA794330', 151, 4, 'M.', 'Brosse', 'Anthony', 'Saint-Calais', '1980-11-04', 'anthony.brosse@assemblee-nationale.fr', 5),
('PA794354', 173, 12, 'Mme', 'Laporte', 'Hélène', 'Villeneuve-sur-Lot', '1978-12-29', 'helene.laporte@assemblee-nationale.fr', 2),
('PA794418', 90, 12, 'Mme', 'Goulet', 'Florence', 'Le Mêle-sur-Sarthe', '1961-06-30', 'florence.goulet@assemblee-nationale.fr', 2),
('PA794426', 174, 8, 'Mme', 'Le Hénanff', 'Anne', 'Vannes', '1969-07-22', 'anne.lehenanff@assemblee-nationale.fr', 1),
('PA794434', 32, 12, 'M.', 'Bentz', 'Christophe', 'Boulogne-Billancourt', '1987-07-04', 'christophe.bentz@assemblee-nationale.fr', 1),
('PA794442', 97, 12, 'Mme', 'Robert-Dehault', 'Laurence', 'Saint-Dizier', '1964-01-17', 'laurence.robert-dehault@assemblee-nationale.fr', 2),
('PA794466', 175, 8, 'M.', 'Moulliere', 'Jean', 'Lille', '1994-03-29', 'jean.moulliere@assemblee-nationale.fr', 6),
('PA794470', 176, 8, 'Mme', 'Gérard', 'Félicie', 'Saint-Quentin', '1974-01-28', 'felicie.gerard@assemblee-nationale.fr', 7),
('PA794478', 177, 11, 'M.', 'Guiraud', 'David', 'Paris', '1992-11-18', 'david.guiraud@assemblee-nationale.fr', 8),
('PA794486', 107, 4, 'Mme', 'Spillebout', 'Violette', 'Lyon', '1972-09-02', 'violette.spillebout@assemblee-nationale.fr', 9),
('PA794494', 142, 1, 'M.', 'Vicot', 'Roger', 'Denain', '1963-06-01', 'roger.vicot@assemblee-nationale.fr', 11),
('PA794502', 141, 12, 'M.', 'Taverne', 'Michaël', 'Maubeuge', '1979-03-10', 'michael.taverne@assemblee-nationale.fr', 12),
('PA794518', 178, 8, 'M.', 'Marle', 'Pierre', 'Bollezeele', '1954-02-19', 'pierre.marle@assemblee-nationale.fr', 14),
('PA794530', 107, 12, 'M.', 'Marchio', 'Matthieu', 'Dieppe', '1993-06-08', 'matthieu.marchio@assemblee-nationale.fr', 16),
('PA794554', 179, 3, 'M.', 'Castiglione', 'Salvatore', 'Wallers', '1970-02-18', 'salvatore.castiglione@assemblee-nationale.fr', 21),
('PA794562', 180, 12, 'M.', 'Ballard', 'Philippe', 'Champigny-sur-Marne', '1960-11-24', 'philippe.ballard@assemblee-nationale.fr', 2),
('PA794570', 181, 12, 'M.', 'Sabatou', 'Alexandre', 'Nogent sur Marne', '1993-02-18', 'alexandre.sabatou@assemblee-nationale.fr', 3),
('PA794582', 39, 12, 'M.', 'Pfeffer', 'Kévin', 'Forbach', '1990-07-09', 'kevin.pfeffer@assemblee-nationale.fr', 6),
('PA794590', 182, 12, 'M.', 'Loubet', 'Alexandre', 'Toulouse', '1994-07-07', 'alexandre.loubet@assemblee-nationale.fr', 7),
('PA794598', 183, 12, 'M.', 'Jacobelli', 'Laurent', 'Thiais', '1969-10-13', 'laurent.jacobelli@assemblee-nationale.fr', 8),
('PA794658', 152, 4, 'M.', 'Fait', 'Philippe', 'Cucq', '1969-06-24', 'philippe.fait@assemblee-nationale.fr', 4),
('PA794670', 184, 12, 'Mme', 'Parmentier', 'Caroline', 'Pau', '1965-12-16', 'caroline.parmentier@assemblee-nationale.fr', 9),
('PA794678', 97, 12, 'M.', 'Frappé', 'Thierry', 'Forest sur Marque', '1952-05-23', 'thierry.frappe@assemblee-nationale.fr', 10),
('PA794686', 151, 11, 'Mme', 'Maximi', 'Marianne', 'Louviers', '1985-11-13', 'marianne.maximi@assemblee-nationale.fr', 1),
('PA794702', 185, 6, 'Mme', 'Lingemann', 'Delphine', 'Issoire', '1972-11-14', 'delphine.lingemann@assemblee-nationale.fr', 4),
('PA794718', 107, 10, 'Mme', 'Engrand', 'Christine', 'Boulogne sur Mer', '1955-05-07', 'christine.engrand@assemblee-nationale.fr', 6),
('PA794734', 56, 12, 'M.', 'Guiniot', 'Michel', 'Chauny', '1954-11-29', 'michel.guiniot@assemblee-nationale.fr', 6),
('PA794762', 186, 12, 'Mme', 'Dogor-Such', 'Sandrine', 'Tours', '1970-11-08', 'sandrine.dogor-such@assemblee-nationale.fr', 3),
('PA794770', 187, 12, 'Mme', 'Martinez', 'Michèle', 'Perpignan', '1968-06-06', 'michele.martinez@assemblee-nationale.fr', 4),
('PA794778', 188, 9, 'Mme', 'Regol', 'Sandra', 'Beziers', '1978-04-13', 'sandra.regol@assemblee-nationale.fr', 1),
('PA794786', 189, 11, 'M.', 'Fernandes', 'Emmanuel', 'Thann', '1980-08-10', 'emmanuel.fernandes@assemblee-nationale.fr', 2),
('PA794798', 162, 4, 'Mme', 'Buffet', 'Françoise', 'Strasbourg', '1953-12-11', 'francoise.buffet@assemblee-nationale.fr', 4),
('PA794802', 90, 4, 'M.', 'Sitzenstuhl', 'Charles', 'Sélestat', '1988-12-03', 'charles.sitzenstuhl@assemblee-nationale.fr', 5),
('PA794810', 107, 6, 'Mme', 'Morel', 'Louise', 'Strasbourg', '1995-10-15', 'louise.morel@assemblee-nationale.fr', 6),
('PA794830', 32, 6, 'M.', 'Ott', 'Hubert', 'Colmar', '1964-06-06', 'hubert.ott@assemblee-nationale.fr', 2),
('PA794838', 139, 8, 'M.', 'Lemaire', 'Didier', 'Altkirch', '1975-07-23', 'didier.lemaire@assemblee-nationale.fr', 3),
('PA794854', 90, 1, 'M.', 'Echaniz', 'Inaki', 'Oloron-sainte-Marie', '1993-09-02', 'inaki.echaniz@assemblee-nationale.fr', 4),
('PA794870', 188, 11, 'Mme', 'Ferrer', 'Sylvie', 'Toulouse', '1967-11-06', 'sylvie.ferrer@assemblee-nationale.fr', 1),
('PA794886', 97, 12, 'Mme', 'Blanc', 'Sophie', 'Toulouse', '1968-02-20', 'sophie.blanc@assemblee-nationale.fr', 1),
('PA794894', 29, 12, 'Mme', 'Sabatini', 'Anaïs', 'Perpignan', '1990-03-10', 'anais.sabatini@assemblee-nationale.fr', 2),
('PA794906', 107, 11, 'M.', 'Amard', 'Gabriel', 'Juvisy-sur-Orge', '1967-05-05', 'gabriel.amard@assemblee-nationale.fr', 6),
('PA794938', 145, 11, 'M.', 'Boumertit', 'Idir', 'Lyon', '1974-10-04', 'idir.boumertit@assemblee-nationale.fr', 14),
('PA794946', 190, 12, 'M.', 'Villedieu', 'Antoine', 'Lure', '1989-03-08', 'antoine.villedieu@assemblee-nationale.fr', 1),
('PA794954', 107, 12, 'M.', 'Salmon', 'Emeric', 'Vannes', '1973-11-26', 'emeric.salmon@assemblee-nationale.fr', 2),
('PA794982', 191, 4, 'Mme', 'Delpech', 'Julie', 'Le Mans', '1989-09-25', 'julie.delpech@assemblee-nationale.fr', 1),
('PA795010', 192, 9, 'Mme', 'Garin', 'Marie-Charlotte', 'Vernon', '1995-09-02', 'marie-charlotte.garin@assemblee-nationale.fr', 3),
('PA795026', 97, 8, 'Mme', 'Violland', 'Anne-Cécile', 'Évian-les-Bains', '1973-06-10', 'anne-cecile.violland@assemblee-nationale.fr', 5),
('PA795046', 14, 4, 'Mme', 'Yadan', 'Caroline', 'Boulogne-Billancourt', '1968-08-14', 'caroline.yadan@assemblee-nationale.fr', 8),
('PA795076', 32, 9, 'Mme', 'Rousseau', 'Sandrine', 'Maisons Alfort', '1972-03-08', 'sandrine.rousseau@assemblee-nationale.fr', 9),
('PA795084', 90, 11, 'M.', 'Arenas', 'Rodrigo', 'El Almendral', '1974-04-24', 'rodrigo.arenas@assemblee-nationale.fr', 10),
('PA795100', 134, 6, 'M.', 'Martineau', 'Éric', 'Le Mans', '1968-05-08', 'eric.martineau@assemblee-nationale.fr', 3),
('PA795108', 193, 11, 'Mme', 'Leboucher', 'Élise', 'Ernée', '1982-10-09', 'elise.leboucher@assemblee-nationale.fr', 4),
('PA795124', 194, 6, 'M.', 'Padey', 'Didier', 'Chambéry', '1965-11-09', 'didier.padey@assemblee-nationale.fr', 1),
('PA795136', 195, 11, 'M.', 'Coulomme', 'Jean-François', 'Paris', '1966-04-01', 'jean-francois.coulomme@assemblee-nationale.fr', 4),
('PA795156', 32, 1, 'Mme', 'Keloua Hachi', 'Fatiha', 'Paris', '1971-06-05', 'fatiha.kelouahachi@assemblee-nationale.fr', 8),
('PA795164', 90, 11, 'Mme', 'Trouvé', 'Aurélie', 'Chauny', '1979-09-20', 'aurelie.trouve@assemblee-nationale.fr', 9),
('PA795176', 59, 4, 'M.', 'Metzdorf', 'Nicolas', 'Nouméa', '1988-05-20', 'nicolas.metzdorf@assemblee-nationale.fr', 1),
('PA795200', 150, 11, 'Mme', 'Dufour', 'Alma', 'Auch', '1990-05-06', 'alma.dufour@assemblee-nationale.fr', 4),
('PA795228', 196, 11, 'Mme', 'Abomangoli', 'Nadège', 'Brazzaville', '1975-09-15', 'nadege.abomangoli@assemblee-nationale.fr', 10),
('PA795240', 197, 5, 'Mme', 'Reid Arbelot', 'Mereana', 'Papeete', '1970-09-12', 'mereana.reidarbelot@assemblee-nationale.fr', 3),
('PA795244', 56, 3, 'M.', 'Lenormand', 'Stéphane', 'Saint-Pierre', '1964-08-13', 'stephane.lenormand@assemblee-nationale.fr', 1),
('PA795258', 198, 6, 'M.', 'Gumbs', 'Frantz', 'Saint-Martin', '1954-01-21', 'frantz.gumbs@assemblee-nationale.fr', 1),
('PA795278', 107, 8, 'Mme', 'Bellamy', 'Béatrice', 'Nantes', '1966-10-20', 'beatrice.bellamy@assemblee-nationale.fr', 2),
('PA795298', 199, 11, 'M.', 'Legavre', 'Jérôme', 'Rennes', '1972-08-20', 'jerome.legavre@assemblee-nationale.fr', 12),
('PA795310', 48, 11, 'Mme', 'Guetté', 'Clémence', 'Bressuire', '1991-03-15', 'clemence.guette@assemblee-nationale.fr', 2),
('PA795318', 200, 11, 'M.', 'Boyard', 'Louis', 'Fontenay-le-Comte', '2000-08-26', 'louis.boyard@assemblee-nationale.fr', 3),
('PA795330', 29, 4, 'Mme', 'Caroit', 'Eléonore', 'Paris', '1985-07-08', 'eleonore.caroit@assemblee-nationale.fr', 2),
('PA795350', 201, 8, 'M.', 'Valletoux', 'Frédéric', 'Paris', '1966-08-23', 'frederic.valletoux@assemblee-nationale.fr', 2),
('PA795362', 90, 9, 'Mme', 'Belluco', 'Lisa', 'Metz', '1988-07-20', 'lisa.belluco@assemblee-nationale.fr', 1),
('PA795374', 107, 6, 'M.', 'Lecamp', 'Pascal', 'Civray', '1958-04-06', 'pascal.lecamp@assemblee-nationale.fr', 3),
('PA795386', 90, 4, 'M.', 'Lefèvre', 'Mathieu', 'Créteil', '1986-10-27', 'mathieu.lefevre@assemblee-nationale.fr', 5),
('PA795410', 97, 12, 'Mme', 'Roullaud', 'Béatrice', 'Béziers', '1960-06-09', 'beatrice.roullaud@assemblee-nationale.fr', 6),
('PA795422', 107, 11, 'M.', 'Maudet', 'Damien', 'Brive-la-Gaillarde', '1996-11-14', 'damien.maudet@assemblee-nationale.fr', 1),
('PA795430', 202, 1, 'M.', 'Delautrette', 'Stéphane', 'Limoges', '1972-09-20', 'stephane.delautrette@assemblee-nationale.fr', 2),
('PA795454', 90, 9, 'M.', 'Ben Cheikh', 'Karim', 'Tunis', '1977-03-19', 'karim.bencheikh@assemblee-nationale.fr', 9),
('PA795466', 32, 11, 'Mme', 'Soudais', 'Ersilia', 'Aubervilliers', '1988-05-21', 'ersilia.soudais@assemblee-nationale.fr', 7),
('PA795482', 90, 11, 'Mme', 'Meunier', 'Manon', 'Limoges', '1996-03-30', 'manon.meunier@assemblee-nationale.fr', 3),
('PA795516', 152, 11, 'M.', 'Laisney', 'Maxime', 'Lisieux', '1981-01-19', 'maxime.laisney@assemblee-nationale.fr', 10),
('PA795528', 90, 4, 'M.', 'Rodwell', 'Charles', 'Londres', '1996-07-26', 'charles.rodwell@assemblee-nationale.fr', 1),
('PA795540', 162, 10, 'M.', 'Grenon', 'Daniel', 'Saint-Fargeau', '1948-07-31', 'daniel.grenon@assemblee-nationale.fr', 1),
('PA795552', 9, 12, 'M.', 'Odoul', 'Julien', 'Paris', '1985-05-08', 'julien.odoul@assemblee-nationale.fr', 3),
('PA795588', 90, 11, 'Mme', 'Amrani', 'Farida', 'Ajdir', '1976-09-03', 'farida.amrani@assemblee-nationale.fr', 1),
('PA795596', 203, 11, 'M.', 'Vannier', 'Paul', 'Vitry Sur Seine', '1985-09-19', 'paul.vannier@assemblee-nationale.fr', 5),
('PA795616', 32, 11, 'M.', 'Bilongo', 'Carlos Martens', 'Villiers Le Bel', '1990-12-31', 'carlosmartens.bilongo@assemblee-nationale.fr', 8),
('PA795636', 188, 9, 'M.', 'Lucas-Lundy', 'Benjamin', 'Amiens', '1990-10-08', 'benjamin.lucas@assemblee-nationale.fr', 8),
('PA795644', 97, 12, 'Mme', 'Da Conceicao Carvalho', 'Nathalie', 'Blois', '1966-03-31', 'nathalie.daconceicaocarvalho@assemblee-nationale.fr', 2),
('PA795664', 124, 4, 'M.', 'Midy', 'Paul', 'Fontainebleau', '1983-01-25', 'paul.midy@assemblee-nationale.fr', 5),
('PA795672', 90, 11, 'M.', 'Le Gall', 'Arnaud', 'Carhaix-Plouguer', '1980-11-29', 'arnaud.legall@assemblee-nationale.fr', 9),
('PA795722', 2, 4, 'M.', 'Olive', 'Karl', 'Saint Germain en Laye', '1969-03-29', 'karl.olive@assemblee-nationale.fr', 12),
('PA795730', 62, 4, 'M.', 'Marchive', 'Bastien', 'Niort', '1990-07-15', 'bastien.marchive@assemblee-nationale.fr', 1),
('PA795746', 204, 11, 'M.', 'Léaument', 'Antoine', 'Châteauroux', '1989-09-04', 'antoine.leaument@assemblee-nationale.fr', 10),
('PA795762', 56, 1, 'M.', 'Califer', 'Elie', 'Saint-Claude', '1954-04-19', 'elie.califer@assemblee-nationale.fr', 4),
('PA795778', 107, 12, 'M.', 'Tanguy', 'Jean-Philippe', 'Boulogne-sur-Mer', '1986-03-25', 'jean-philippe.tanguy@assemblee-nationale.fr', 4),
('PA795786', 205, 12, 'Mme', 'Ménaché', 'Yaël', 'Péronne', '1985-05-12', 'yael.menache@assemblee-nationale.fr', 5),
('PA795808', 97, 9, 'Mme', 'Sebaihi', 'Sabrina', 'Ivry-sur-Seine', '1981-05-10', 'sabrina.sebaihi@assemblee-nationale.fr', 4),
('PA795820', 90, 5, 'M.', 'Nadeau', 'Marcellin', 'Saint-Pierre', '1962-11-02', 'marcellin.nadeau@assemblee-nationale.fr', 2),
('PA795844', 97, 11, 'Mme', 'Erodi', 'Karen', 'Toulouse', '1977-02-04', 'karen.erodi@assemblee-nationale.fr', 2),
('PA795864', 90, 4, 'M.', 'Cazeneuve', 'Pierre', 'Saint Cloud', '1995-03-11', 'pierre.cazeneuve@assemblee-nationale.fr', 7),
('PA795868', 206, 5, 'M.', 'Castor', 'Jean-Victor', 'Sinnamary', '1962-04-21', 'jean-victor.castor@assemblee-nationale.fr', 1),
('PA795876', 207, 5, 'M.', 'Rimane', 'Davy', 'Kourou', '1979-12-15', 'davy.rimane@assemblee-nationale.fr', 2),
('PA795888', 208, 4, 'Mme', 'Rousselot', 'Marie-Ange', 'Bogota', '1987-09-09', 'marie-ange.rousselot@assemblee-nationale.fr', 6),
('PA795900', 189, 12, 'Mme', 'Hamelet', 'Marine', 'Savigny-sur-Orge', '1967-07-13', 'marine.hamelet@assemblee-nationale.fr', 2),
('PA795908', 97, 4, 'M.', 'Chenevard', 'Yannick', 'Toulon', '1959-11-27', 'yannick.chenevard@assemblee-nationale.fr', 1),
('PA795912', 188, 12, 'Mme', 'Lavalette', 'Laure', 'Talence', '1976-04-16', 'laure.lavalette@assemblee-nationale.fr', 2),
('PA795920', 78, 4, 'Mme', 'Thevenot', 'Prisca', 'Strasbourg', '1985-03-01', 'prisca.thevenot@assemblee-nationale.fr', 8),
('PA795950', 64, 4, 'M.', 'Amiel', 'David', 'Paris', '1992-11-28', 'david.amiel@assemblee-nationale.fr', 13),
('PA795962', 209, 4, 'Mme', 'Missoffe', 'Joséphine', 'Boulogne Billancourt', '1973-09-24', 'josephine.missoffe@assemblee-nationale.fr', 14);
INSERT INTO `depute` (`ID`, `IDJOB`, `IDGROUPE`, `CIVILITE`, `NOM`, `PRENOM`, `VILLENAISSANCE`, `DATENAISSANCE`, `MAIL`, `CIRCONSCIRPTION`) VALUES
('PA795966', 210, 12, 'M.', 'Rambaud', 'Stéphane', 'Alger', '1960-04-05', 'stephane.rambaud@assemblee-nationale.fr', 3),
('PA795974', 90, 12, 'M.', 'Lottiaux', 'Philippe', 'Auchel', '1966-08-14', 'philippe.lottiaux@assemblee-nationale.fr', 4),
('PA795982', 90, 11, 'M.', 'Saintoul', 'Aurélien', 'Drancy', '1988-05-26', 'aurelien.saintoul@assemblee-nationale.fr', 11),
('PA795998', 29, 5, 'Mme', 'K/Bidi', 'Émeline', 'Saint-Denis', '1987-05-13', 'emeline.kbidi@assemblee-nationale.fr', 4),
('PA796010', 211, 5, 'M.', 'Maillot', 'Frédéric', 'Saint-Pierre', '1986-11-15', 'frederic.maillot@assemblee-nationale.fr', 6),
('PA796018', 32, 9, 'Mme', 'Simonnet', 'Danielle', 'Montereau-Fault-Yonne', '1971-07-02', 'danielle.simonnet@assemblee-nationale.fr', 15),
('PA796026', 188, 12, 'Mme', 'Lechanteux', 'Julie', 'Annecy', '1977-12-22', 'julie.lechanteux@assemblee-nationale.fr', 5),
('PA796034', 212, 12, 'M.', 'Giletti', 'Frank', 'Evreux', '1973-03-01', 'frank.giletti@assemblee-nationale.fr', 6),
('PA796042', 213, 12, 'M.', 'Boccaletti', 'Frédéric', 'Martigues', '1973-11-23', 'frederic.boccaletti@assemblee-nationale.fr', 7),
('PA796050', 97, 12, 'M.', 'Schreck', 'Philippe', 'Verdun', '1972-02-02', 'philippe.schreck@assemblee-nationale.fr', 8),
('PA796062', 214, 11, 'M.', 'Portes', 'Thomas', 'Carmaux', '1985-11-18', 'thomas.portes@assemblee-nationale.fr', 3),
('PA796070', 151, 11, 'M.', 'Gaillard', 'Perceval', 'Rouen', '1983-04-24', 'perceval.gaillard@assemblee-nationale.fr', 7),
('PA796078', 89, 3, 'Mme', 'Youssouffa', 'Estelle', 'Chatenay-Malabry', '1978-07-31', 'estelle.youssouffa@assemblee-nationale.fr', 1),
('PA796090', 183, 11, 'M.', 'Caron', 'Aymeric', 'Boulogne Sur Mer', '1971-12-04', 'aymeric.caron@assemblee-nationale.fr', 18),
('PA796106', 175, 5, 'M.', 'Bénard', 'Édouard', 'Rouen', '1995-02-18', 'edouard.benard@assemblee-nationale.fr', 3),
('PA796118', 188, 12, 'Mme', 'Auzanot', 'Bénédicte', 'Besançon', '1972-08-05', 'benedicte.auzanot@assemblee-nationale.fr', 2),
('PA805166', 215, 6, 'Mme', 'Bergantz', 'Anne', 'Chalon-sur-Saône', '1968-09-17', 'anne.bergantz@assemblee-nationale.fr', 2),
('PA817203', 29, 4, 'Mme', 'Miller', 'Laure', 'Reims', '1983-12-25', 'laure.miller@assemblee-nationale.fr', 2),
('PA817211', 155, 11, 'M.', 'Pilato', 'René', 'Lagny-sur Marne', '1962-08-31', 'rene.pilato@assemblee-nationale.fr', 1),
('PA822617', 2, 3, 'Mme', 'Froger', 'Martine', 'Blois', '1961-06-11', 'martine.froger@assemblee-nationale.fr', 1),
('PA826635', 216, 1, 'M.', 'Rousseau', 'Aurélien', 'Alès', '1976-06-25', 'aurelien.rousseau@assemblee-nationale.fr', 7),
('PA840075', 36, 12, 'M.', 'Casterman', 'Eddy', 'Lille', '1996-07-28', 'eddy.casterman@assemblee-nationale.fr', 3),
('PA840119', 217, 12, 'Mme', 'Delannoy', 'Sandra', 'Valenciennes', '1974-05-01', 'sandra.delannoy@assemblee-nationale.fr', 3),
('PA840135', 218, 12, 'M.', 'Dufosset', 'Alexandre', 'Maubeuge', '1998-08-24', 'alexandre.dufosset@assemblee-nationale.fr', 18),
('PA840143', 12, 12, 'M.', 'Florquin', 'Guillaume', 'Roncq', '1993-05-04', 'guillaume.florquin@assemblee-nationale.fr', 20),
('PA840159', 219, 12, 'M.', 'Clavet', 'Bruno', 'Aubagne', '1989-05-06', 'bruno.clavet@assemblee-nationale.fr', 3),
('PA840171', 36, 1, 'M.', 'Grégoire', 'Emmanuel', 'Les Lilas', '1977-12-24', 'emmanuel.gregoire@assemblee-nationale.fr', 7),
('PA840235', 12, 4, 'M.', 'Frébault', 'Moerani', 'Atuona Hiva Oa', '1988-08-22', 'moerani.frebault@assemblee-nationale.fr', 1),
('PA840657', 36, 7, 'Mme', 'Ricourt Vaginay', 'Sophie', 'Toulon', '1969-12-18', 'sophie.vaginay@assemblee-nationale.fr', 2),
('PA840665', 220, 1, 'Mme', 'Allemand', 'Marie-José', 'Manosque', '1970-01-27', 'marie-jose.allemand@assemblee-nationale.fr', 1),
('PA840673', 36, 1, 'Mme', 'Rossi', 'Valérie', 'Marseille', '1964-06-05', 'valerie.rossi@assemblee-nationale.fr', 2),
('PA840685', 36, 7, 'M.', 'Trébuchet', 'Vincent', 'Paris', '1988-07-05', 'vincent.trebuchet@assemblee-nationale.fr', 2),
('PA840701', 221, 7, 'M.', 'Chaix', 'Bernard', 'Nice', '1965-01-06', 'bernard.chaix@assemblee-nationale.fr', 3),
('PA840713', 222, 4, 'Mme', 'Delorme Duret', 'Sophie', 'Grenoble', '1971-03-29', 'sophie.delorme-duret@assemblee-nationale.fr', 3),
('PA840721', 12, 7, 'M.', 'Chavent', 'Marc', 'Bourg-en-Bresse', '1968-06-28', 'marc.chavent@assemblee-nationale.fr', 5),
('PA840757', 221, 12, 'Mme', 'Griseti', 'Monique', 'Marseille', '1960-07-23', 'monique.griseti@assemblee-nationale.fr', 1),
('PA840765', 2, 1, 'M.', 'Lhardit', 'Laurent', 'Marseille', '1963-04-20', 'laurent.lhardit@assemblee-nationale.fr', 2),
('PA840773', 223, 7, 'M.', 'Fayssat', 'Olivier', 'Marseille', '1968-03-24', 'olivier.fayssat@assemblee-nationale.fr', 6),
('PA840781', 219, 12, 'M.', 'Tonussi', 'Romain', 'Istres', '1996-04-09', 'romain.tonussi@assemblee-nationale.fr', 8),
('PA840793', 224, 1, 'M.', 'Pena', 'Marc', 'Marseille', '1960-05-07', 'marc.pena@assemblee-nationale.fr', 11),
('PA840801', 225, 12, 'M.', 'Fouquart', 'Emmanuel', 'Maubeuge', '1966-07-30', 'emmanuel.fouquart@assemblee-nationale.fr', 13),
('PA840809', 226, 7, 'M.', 'Verny', 'Gérault', 'Bourgoin-Jallieu', '1984-12-23', 'gerault.verny@assemblee-nationale.fr', 14),
('PA840817', 227, 3, 'M.', 'Bruneau', 'Joël', 'Levroux', '1963-09-07', 'joel.bruneau@assemblee-nationale.fr', 1),
('PA840829', 224, 1, 'M.', 'Barusseau', 'Fabrice', 'Saintes', '1970-06-01', 'fabrice.barusseau@assemblee-nationale.fr', 3),
('PA840837', 228, 12, 'M.', 'Markowsky', 'Pascal', 'Valenciennes', '1954-07-22', 'pascal.markowsky@assemblee-nationale.fr', 4),
('PA840857', 220, 12, 'Mme', 'Lechon', 'Nadine', 'Sainte-Foy-la-Grande', '1963-04-16', 'nadine.lechon@assemblee-nationale.fr', 1),
('PA840869', 12, 12, 'Mme', 'Joubert', 'Florence', 'Reims', '1965-06-30', 'florence.joubert@assemblee-nationale.fr', 3),
('PA840889', 36, 7, 'M.', 'Bloch', 'Matthieu', 'Audincourt', '1983-04-26', 'matthieu.bloch@assemblee-nationale.fr', 3),
('PA840903', 36, 1, 'M.', 'Christophle', 'Paul', 'Arles', '1987-02-03', 'paul.christophle@assemblee-nationale.fr', 1),
('PA840915', 36, 12, 'M.', 'Monnier', 'Thibaut', 'Belfort', '1987-02-24', 'thibaut.monnier@assemblee-nationale.fr', 4),
('PA840939', 229, 1, 'Mme', 'Godard', 'Océane', 'Sens', '1982-11-22', 'oceane.godard@assemblee-nationale.fr', 1),
('PA840947', 230, 9, 'Mme', 'Hervieu', 'Catherine', 'Meknès', '1958-05-09', 'catherine.hervieu@assemblee-nationale.fr', 2),
('PA840955', 224, 1, 'M.', 'Pribetich', 'Pierre', 'Roubaix', '1956-12-28', 'pierre.pribetich@assemblee-nationale.fr', 3),
('PA840967', 231, 12, 'M.', 'Lioret', 'René', 'Chagny', '1952-01-13', 'rene.lioret@assemblee-nationale.fr', 5),
('PA840979', 36, 2, 'M.', 'Le Fur', 'Corentin', 'Paris', '1989-12-13', 'corentin.lefur@assemblee-nationale.fr', 3),
('PA840983', 36, 7, 'M.', 'Lenoir', 'Bartolomé', 'Angers', '1991-09-04', 'bartolome.lenoir@assemblee-nationale.fr', 1),
('PA840997', 220, 9, 'M.', 'Biteau', 'Benoît', 'Royan', '1967-04-07', 'benoit.biteau@assemblee-nationale.fr', 2),
('PA841013', 72, 8, 'Mme', 'Mesnard', 'Isabelle', 'Saint-Quentin', '1967-10-30', 'isabelle.mesnard@assemblee-nationale.fr', 1),
('PA841017', 232, 3, 'M.', 'Huwart', 'Harold', 'Chartres', '1982-01-03', 'harold.huwart@assemblee-nationale.fr', 3),
('PA841023', 224, 11, 'M.', 'Cadalen', 'Pierre-Yves', 'Brest', '1992-07-09', 'pierre-yves.cadalen@assemblee-nationale.fr', 2),
('PA841047', 226, 2, 'M.', 'Ceccoli', 'François-Xavier', 'Cervione', '1968-10-27', 'francois-xavier.ceccoli@assemblee-nationale.fr', 2),
('PA841067', 12, 7, 'M.', 'Allegret-Pilot', 'Alexandre', 'Annecy', '1989-01-11', 'alexandre.allegret-pilot@assemblee-nationale.fr', 5),
('PA841075', 227, 12, 'Mme', 'Josserand', 'Sylvie', 'Mâcon', '1968-08-23', 'sylvie.josserand@assemblee-nationale.fr', 6),
('PA841091', 12, 1, 'M.', 'Simion', 'Arnaud', 'Castelsarrasin', '1968-05-19', 'arnaud.simion@assemblee-nationale.fr', 6),
('PA841107', 233, 1, 'M.', 'Oberti', 'Jacques', 'Marseille', '1960-11-26', 'jacques.oberti@assemblee-nationale.fr', 10),
('PA841131', 12, 12, 'Mme', 'Bouquin', 'Manon', 'Evreux', '1992-06-02', 'manon.bouquin@assemblee-nationale.fr', 4),
('PA841139', 194, 12, 'M.', 'Gabarron', 'Julien', 'Lille', '1981-03-11', 'julien.gabarron@assemblee-nationale.fr', 6),
('PA841183', 234, 7, 'Mme', 'Mansouri', 'Hanane', 'Echirolles', '2000-11-24', 'hanane.mansouri@assemblee-nationale.fr', 8),
('PA841191', 218, 11, 'Mme', 'Nosbé', 'Sandrine', 'La Réunion', '1972-10-29', 'sandrine.nosbe@assemblee-nationale.fr', 9),
('PA841199', 12, 12, 'M.', 'Perez', 'Thierry', 'Paris', '1966-11-19', 'thierry.perez@assemblee-nationale.fr', 10),
('PA841207', 36, 7, 'M.', 'Alloncle', 'Charles', 'Nancy', '1993-10-21', 'charles.alloncle@assemblee-nationale.fr', 9),
('PA841215', 193, 11, 'Mme', 'Mesmeur', 'Marie', 'Landerneau', '1994-08-12', 'marie.mesmeur@assemblee-nationale.fr', 1),
('PA841223', 36, 9, 'M.', 'Lahais', 'Tristan', 'Rennes', '1983-05-11', 'tristan.lahais@assemblee-nationale.fr', 2),
('PA841243', 12, 1, 'M.', 'Saint-Pasteur', 'Sébastien', 'Tarbes', '1980-12-08', 'sebastien.saint-pasteur@assemblee-nationale.fr', 7),
('PA841251', 12, 11, 'Mme', 'Feld', 'Mathilde', 'Rueil-Malmaison', '1969-04-28', 'mathilde.feld@assemblee-nationale.fr', 12),
('PA841295', 36, 1, 'M.', 'Courbon', 'Pierrick', 'Firminy', '1985-07-08', 'pierrick.courbon@assemblee-nationale.fr', 1),
('PA841315', 233, 1, 'M.', 'Benbrahim', 'Karim', 'Salon-de-Provence', '1980-04-13', 'karim.benbrahim@assemblee-nationale.fr', 1),
('PA841327', 224, 1, 'M.', 'Roussel', 'Fabrice', 'Nantes', '1973-04-11', 'fabrice.roussel@assemblee-nationale.fr', 5),
('PA841339', 221, 8, 'M.', 'Brard', 'Jean-Michel', 'Pornic', '1968-04-03', 'jean-michel.brard@assemblee-nationale.fr', 9),
('PA841351', 12, 9, 'M.', 'Duplessy', 'Emmanuel', 'Pontoise', '1990-01-02', 'emmanuel.duplessy@assemblee-nationale.fr', 2),
('PA841359', 188, 3, 'Mme', 'de Pélichy', 'Constance', 'Blois', '1986-04-01', 'constance.depelichy@assemblee-nationale.fr', 3),
('PA841367', 224, 1, 'M.', 'Proença', 'Christophe', 'Saint-Céré', '1966-05-31', 'christophe.proenca@assemblee-nationale.fr', 2),
('PA841381', 219, 1, 'Mme', 'Pantel', 'Sophie', 'Mende', '1971-07-27', 'sophie.pantel@assemblee-nationale.fr', 1),
('PA841395', 235, 7, 'M.', 'Michelet', 'Maxime', 'Châlons-sur-Marne', '1992-04-19', 'maxime.michelet@assemblee-nationale.fr', 3),
('PA841419', 233, 9, 'M.', 'Girard', 'Damien', 'Cholet', '1973-05-30', 'damien.girard@assemblee-nationale.fr', 5),
('PA841431', 227, 8, 'Mme', 'Colin-Oesterlé', 'Nathalie', 'Ollioules', '1965-05-05', 'nathalie.colin-oesterle@assemblee-nationale.fr', 3),
('PA841439', 217, 12, 'M.', 'Jenft', 'Pascal', 'Sarreguemines', '1966-11-29', 'pascal.jenft@assemblee-nationale.fr', 5),
('PA841451', 236, 12, 'M.', 'Guibert', 'Julien', 'Clamecy', '1984-05-11', 'julien.guibert@assemblee-nationale.fr', 2),
('PA841463', 224, 1, 'Mme', 'Mercier', 'Estelle', 'Paris', '1973-01-15', 'estelle.mercier@assemblee-nationale.fr', 1),
('PA841471', 237, 1, 'M.', 'Hablot', 'Stéphane', 'Mont-Saint-Martin', '1965-06-30', 'stephane.hablot@assemblee-nationale.fr', 2),
('PA841479', 238, 12, 'M.', 'Weber', 'Frédéric', 'Metz', '1973-05-21', 'frederic.weber@assemblee-nationale.fr', 3),
('PA841487', 36, 12, 'M.', 'Boulogne', 'Anthony', 'Laxou', '1993-06-08', 'anthony.boulogne@assemblee-nationale.fr', 6),
('PA841495', 233, 12, 'M.', 'Amblard', 'Maxime', 'L\'Isle-d\'Espagnac', '1996-09-06', 'maxime.amblard@assemblee-nationale.fr', 1),
('PA841507', 233, 9, 'M.', 'Bonnet', 'Nicolas', 'Clermont-Ferrand', '1981-02-11', 'nicolas.bonnet@assemblee-nationale.fr', 3),
('PA841515', 218, 11, 'M.', 'Le Coq', 'Aurélien', 'Paris', '1996-09-28', 'aurelien.lecoq@assemblee-nationale.fr', 1),
('PA841539', 219, 1, 'M.', 'Gokel', 'Julien', 'Saint-Pol-sur-mer', '1983-03-13', 'julien.gokel@assemblee-nationale.fr', 13),
('PA841553', 231, 12, 'M.', 'Tesson', 'Thierry', 'Les Sables d\'Olonne', '1957-04-22', 'thierry.tesson@assemblee-nationale.fr', 17),
('PA841563', 97, 12, 'Mme', 'Marais-Beuil', 'Claire', 'Caen', '1958-11-04', 'claire.marais-beuil@assemblee-nationale.fr', 1),
('PA841575', 14, 12, 'M.', 'Vos', 'Frédéric-Pierre', 'Draveil', '1963-03-10', 'fredericpierre.vos@assemblee-nationale.fr', 5),
('PA841587', 239, 12, 'M.', 'Magnier', 'David', 'Beauvais', '1972-06-05', 'david.magnier@assemblee-nationale.fr', 7),
('PA841601', 78, 4, 'Mme', 'Levasseur', 'Pauline', 'Arras', '1991-07-24', 'pauline.levasseur@assemblee-nationale.fr', 2),
('PA841605', 240, 12, 'M.', 'Golliot', 'Antoine', 'Saint-Martin-Boulogne', '1985-08-13', 'antoine.golliot@assemblee-nationale.fr', 5),
('PA841613', 12, 12, 'M.', 'de Fleurian', 'Marc', 'Ploemeur', '1989-02-07', 'marc.defleurian@assemblee-nationale.fr', 7),
('PA841621', 241, 12, 'M.', 'Evrard', 'Auguste', 'Blendecques', '2000-05-04', 'auguste.evrard@assemblee-nationale.fr', 8),
('PA841633', 239, 1, 'M.', 'Dufau', 'Peio', 'Saint-Jean-de-Luz', '1979-05-30', 'peio.dufau@assemblee-nationale.fr', 6),
('PA841645', 242, 12, 'M.', 'Bernhardt', 'Théo', 'Angers', '2000-06-29', 'theo.bernhardt@assemblee-nationale.fr', 8),
('PA841657', 36, 11, 'Mme', 'Belouassa-Cherifi', 'Anaïs', 'Thionville', '1995-02-07', 'anais.belouassa@assemblee-nationale.fr', 1),
('PA841665', 231, 1, 'M.', 'Fégné', 'Denis', 'Castelsarrasin', '1960-07-31', 'denis.fegne@assemblee-nationale.fr', 2),
('PA841681', 12, 1, 'M.', 'Sother', 'Thierry', 'Mulhouse', '1982-02-02', 'thierry.sother@assemblee-nationale.fr', 3),
('PA841693', 12, 4, 'M.', 'Laussucq', 'Jean', 'Bayonne', '1990-02-04', 'jean.laussucq@assemblee-nationale.fr', 2),
('PA841701', 36, 9, 'Mme', 'Balage El Mariky', 'Léa', 'Evry', '1990-04-09', 'lea.balage@assemblee-nationale.fr', 3),
('PA841709', 14, 4, 'Mme', 'Hoffman', 'Emmanuelle', 'Paris', '1964-12-17', 'emmanuelle.hoffman@assemblee-nationale.fr', 4),
('PA841713', 36, 9, 'M.', 'Tavernier', 'Boris', 'Doullens', '1979-08-23', 'boris.tavernier@assemblee-nationale.fr', 2),
('PA841717', 12, 1, 'Mme', 'Runel', 'Sandrine', 'Nîmes', '1979-06-01', 'sandrine.runel@assemblee-nationale.fr', 4),
('PA841729', 224, 11, 'M.', 'Lahmar', 'Abdelkader', 'Lyon', '1971-05-12', 'abdelkader.lahmar@assemblee-nationale.fr', 7),
('PA841737', 243, 12, 'M.', 'Gery', 'Jonathan', 'Aubenas', '1986-10-12', 'jonathan.gery@assemblee-nationale.fr', 8),
('PA841745', 244, 2, 'Mme', 'Bay', 'Pascale', 'Montceau-les-Mines', '1956-09-15', 'pascale.bay@assemblee-nationale.fr', 9),
('PA841749', 36, 12, 'Mme', 'Joncour', 'Tiffany', 'Lyon 8', '1989-09-02', 'tiffany.joncour@assemblee-nationale.fr', 13),
('PA841761', 245, 12, 'M.', 'Dutremble', 'Aurélien', 'Saint-Rémy', '1978-12-23', 'aurelien.dutremble@assemblee-nationale.fr', 3),
('PA841769', 226, 7, 'M.', 'Michoux', 'Éric', 'Paris', '1959-06-17', 'eric.michoux@assemblee-nationale.fr', 4),
('PA841777', 246, 12, 'M.', 'Sanvert', 'Arnaud', 'Saint-Rémy', '1983-08-03', 'arnaud.sanvert@assemblee-nationale.fr', 5),
('PA841801', 208, 4, 'Mme', 'Carteron', 'Danièle', 'Annecy', '1984-10-31', 'daniele.carteron@assemblee-nationale.fr', 2),
('PA841813', 12, 1, 'Mme', 'Herouin-Léautey', 'Florence', 'Paris', '1972-12-28', 'florence.herouin-leautey@assemblee-nationale.fr', 1),
('PA841825', 247, 12, 'M.', 'Martin', 'Patrice', 'Neufchâtel-en-Bray', '1963-09-13', 'patrice.martin@assemblee-nationale.fr', 6),
('PA841833', 248, 8, 'M.', 'Guerin', 'David', 'Harfleur', '1966-01-09', 'david.guerin@assemblee-nationale.fr', 9),
('PA841837', 36, 12, 'M.', 'Le Bourgeois', 'Robert', 'Dieppe', '1969-11-12', 'robert.lebourgeois@assemblee-nationale.fr', 10),
('PA841845', 224, 11, 'M.', 'Saint-Martin', 'Arnaud', 'Boulogne-Billancourt', '1979-01-25', 'arnaud.saint-martin@assemblee-nationale.fr', 1),
('PA841853', 227, 1, 'Mme', 'Hervieu', 'Céline', 'Paris', '1993-08-19', 'celine.hervieu@assemblee-nationale.fr', 11),
('PA841869', 156, 2, 'M.', 'Gonord', 'Michel', 'Niort', '1955-03-31', 'michel.gonord@assemblee-nationale.fr', 3),
('PA841873', 231, 12, 'M.', 'Limongi', 'Julien', 'La Ciotat', '1996-02-12', 'julien.limongi@assemblee-nationale.fr', 4),
('PA841885', 224, 9, 'M.', 'Bonnet', 'Arnaud', 'Argenteuil', '1977-02-23', 'arnaud.bonnet@assemblee-nationale.fr', 8),
('PA841893', 36, 1, 'Mme', 'Thiébault-Martinez', 'Céline', 'Charleville-Mézières', '1974-08-04', 'celine.thiebault-martinez@assemblee-nationale.fr', 9),
('PA841919', 224, 1, 'Mme', 'Diop', 'Dieynaba', 'Mantes-la-Jolie', '1974-07-15', 'dieynaba.diop@assemblee-nationale.fr', 9),
('PA841931', 36, 3, 'M.', 'Mazaury', 'Laurent', 'Pantin', '1965-08-23', 'laurent.mazaury@assemblee-nationale.fr', 11),
('PA841947', 238, 11, 'Mme', 'Hamdane', 'Zahia', 'Amiens', '1965-05-14', 'zahia.hamdane@assemblee-nationale.fr', 2),
('PA841955', 36, 12, 'M.', 'Renault', 'Matthias', 'Villeurbanne', '1988-05-02', 'matthias.renault@assemblee-nationale.fr', 3),
('PA841981', 227, 12, 'Mme', 'Rimbert', 'Catherine', 'Avignon', '1968-09-13', 'catherine.rimbert@assemblee-nationale.fr', 5),
('PA842001', 249, 12, 'M.', 'Bigot', 'Guillaume', 'Paris', '1969-11-14', 'guillaume.bigot@assemblee-nationale.fr', 2),
('PA842013', 249, 9, 'M.', 'Gustave', 'Steevy', 'Arpajon', '1970-02-05', 'steevy.gustave@assemblee-nationale.fr', 3),
('PA842029', 250, 11, 'Mme', 'Lejeune', 'Claire', 'Juvisy', '1994-09-07', 'claire.lejeune@assemblee-nationale.fr', 7),
('PA842037', 251, 11, 'M.', 'Cernon', 'Bérenger', 'Joigny', '1988-05-02', 'berenger.cernon@assemblee-nationale.fr', 8),
('PA842045', 233, 9, 'Mme', 'Ozenne', 'Julie', 'Granville', '1978-08-02', 'julie.ozenne@assemblee-nationale.fr', 9),
('PA842073', 252, 12, 'M.', 'Dussausaye', 'Gaëtan', 'Brétigny-sur-Orge', '1994-04-05', 'gaetan.dussausaye@assemblee-nationale.fr', 2),
('PA842085', 12, 12, 'M.', 'Humbert', 'Sébastien', 'Epinal', '1990-07-10', 'sebastien.humbert@assemblee-nationale.fr', 4),
('PA842097', 227, 12, 'Mme', 'Roy', 'Sophie-Laurence', 'Paris', '1955-12-23', 'sophie-laurence.roy@assemblee-nationale.fr', 2),
('PA842105', 253, 11, 'M.', 'Arnault', 'Raphaël', 'Lyon', '1995-01-08', 'raphael.arnault@assemblee-nationale.fr', 1),
('PA842117', 12, 2, 'M.', 'Jeanbrun', 'Vincent', 'Paris', '1984-05-05', 'vincent.jeanbrun@assemblee-nationale.fr', 7),
('PA842125', 226, 8, 'M.', 'Lam', 'Thomas', 'Villeurbanne', '1981-10-22', 'thomas.lam@assemblee-nationale.fr', 2),
('PA842147', 254, 4, 'M.', 'Mongardien', 'Christophe', 'Marseille', '1963-01-09', 'christophe.mongardien@assemblee-nationale.fr', 13),
('PA842155', 12, 11, 'M.', 'Diouara', 'Aly', 'La Courneuve', '1987-03-01', 'aly.diouara@assemblee-nationale.fr', 5),
('PA842187', 255, 11, 'Mme', 'Cathala', 'Gabrielle', 'Talence', '1992-05-14', 'gabrielle.cathala@assemblee-nationale.fr', 6),
('PA842195', 12, 1, 'M.', 'Eskenazi', 'Romain', 'Paris', '1986-05-04', 'romain.eskenazi@assemblee-nationale.fr', 7),
('PA842211', 12, 1, 'Mme', 'Bellay', 'Béatrice', 'Villepinte', '1975-07-25', 'beatrice.bellay@assemblee-nationale.fr', 3),
('PA842227', 219, 12, 'M.', 'Rivière', 'Joseph', 'Saint-Denis', '1971-10-15', 'joseph.riviere@assemblee-nationale.fr', 3),
('PA842255', 36, 12, 'Mme', 'Sicard', 'Anne', 'Strasbourg', '1967-06-15', 'anne.sicard@assemblee-nationale.fr', 1),
('PA842263', 36, 1, 'Mme', 'Hadizadeh', 'Ayda', 'Téhéran', '1982-02-12', 'ayda.hadizadeh@assemblee-nationale.fr', 2),
('PA842271', 224, 5, 'M.', 'Maurel', 'Emmanuel', 'Epinay-sur-Seine', '1973-05-10', 'emmanuel.maurel@assemblee-nationale.fr', 3),
('PA842279', 12, 12, 'Mme', 'Bamana', 'Anchya', 'Sada', '1971-03-12', 'anchya.bamana@assemblee-nationale.fr', 2),
('PA842299', 12, 5, 'M.', 'Tjibaou', 'Emmanuel', 'Nouméa', '1976-03-17', 'emmanuel.tjibaou@assemblee-nationale.fr', 2),
('PA842311', 12, 4, 'M.', 'Caure', 'Vincent', 'Castres', '1992-12-31', 'vincent.caure@assemblee-nationale.fr', 3),
('PA842323', 1, 4, 'M.', 'Provendier', 'Remi', 'Paris', '1971-12-24', 'remi.provendier@assemblee-nationale.fr', 11),
('PA942', 256, 3, 'M.', 'de Courson', 'Charles', 'Paris 16', '1952-04-02', 'Charles.deCourson@assemblee-nationale.fr', 5);

-- --------------------------------------------------------

--
-- Structure de la table `deputer`
--

CREATE TABLE `deputer` (
  `CODEDEPARTEMENT` int NOT NULL,
  `ID` varchar(128) COLLATE utf8mb4_general_ci NOT NULL
) ENGINE=InnoDB DEFAULT CHARSET=utf8mb4 COLLATE=utf8mb4_general_ci;

--
-- Déchargement des données de la table `deputer`
--

INSERT INTO `deputer` (`CODEDEPARTEMENT`, `ID`) VALUES
(1, 'PA330008'),
(1, 'PA793122'),
(1, 'PA793134'),
(1, 'PA840713'),
(1, 'PA840721'),
(2, 'PA605782'),
(2, 'PA712015'),
(2, 'PA719138'),
(2, 'PA719286'),
(2, 'PA793146'),
(2, 'PA793158'),
(2, 'PA793166'),
(2, 'PA840075'),
(2, 'PA841047'),
(3, 'PA793094'),
(3, 'PA793174'),
(3, 'PA793182'),
(4, 'PA793102'),
(4, 'PA840657'),
(5, 'PA840665'),
(5, 'PA840673'),
(6, 'PA267794'),
(6, 'PA330240'),
(6, 'PA718784'),
(6, 'PA793298'),
(6, 'PA793314'),
(6, 'PA793322'),
(6, 'PA793330'),
(6, 'PA793342'),
(6, 'PA840701'),
(7, 'PA340343'),
(7, 'PA718838'),
(7, 'PA840685'),
(8, 'PA2952'),
(8, 'PA718850'),
(8, 'PA793194'),
(9, 'PA793210'),
(9, 'PA822617'),
(10, 'PA718884'),
(10, 'PA793218'),
(10, 'PA793230'),
(11, 'PA793238'),
(11, 'PA793246'),
(11, 'PA793254'),
(12, 'PA677483'),
(12, 'PA793262'),
(12, 'PA793270'),
(13, 'PA793290'),
(13, 'PA793354'),
(13, 'PA793362'),
(13, 'PA793374'),
(13, 'PA793382'),
(13, 'PA793432'),
(13, 'PA793444'),
(13, 'PA793452'),
(13, 'PA793464'),
(13, 'PA840757'),
(13, 'PA840765'),
(13, 'PA840773'),
(13, 'PA840781'),
(13, 'PA840793'),
(13, 'PA840801'),
(13, 'PA840809'),
(14, 'PA717161'),
(14, 'PA719024'),
(14, 'PA719032'),
(14, 'PA793394'),
(14, 'PA793398'),
(14, 'PA840817'),
(15, 'PA266793'),
(15, 'PA330909'),
(16, 'PA719080'),
(16, 'PA793548'),
(16, 'PA817211'),
(17, 'PA605694'),
(17, 'PA793572'),
(17, 'PA840829'),
(17, 'PA840837'),
(17, 'PA840997'),
(18, 'PA605745'),
(18, 'PA719052'),
(18, 'PA719118'),
(19, 'PA1654'),
(19, 'PA719272'),
(21, 'PA793508'),
(21, 'PA840939'),
(21, 'PA840947'),
(21, 'PA840955'),
(21, 'PA840967'),
(22, 'PA642695'),
(22, 'PA719218'),
(22, 'PA793520'),
(22, 'PA793532'),
(22, 'PA840979'),
(23, 'PA840983'),
(24, 'PA793696'),
(24, 'PA793708'),
(24, 'PA840857'),
(24, 'PA840869'),
(25, 'PA2940'),
(25, 'PA642725'),
(25, 'PA793592'),
(25, 'PA793716'),
(25, 'PA840889'),
(26, 'PA793656'),
(26, 'PA793664'),
(26, 'PA840903'),
(26, 'PA840915'),
(27, 'PA793608'),
(27, 'PA793616'),
(27, 'PA793624'),
(27, 'PA793632'),
(27, 'PA793672'),
(28, 'PA331582'),
(28, 'PA606098'),
(28, 'PA841013'),
(28, 'PA841017'),
(29, 'PA719338'),
(29, 'PA719388'),
(29, 'PA719404'),
(29, 'PA719412'),
(29, 'PA719550'),
(29, 'PA719558'),
(29, 'PA793816'),
(29, 'PA841023'),
(30, 'PA719436'),
(30, 'PA793832'),
(30, 'PA793844'),
(30, 'PA793852'),
(30, 'PA841067'),
(30, 'PA841075'),
(31, 'PA642764'),
(31, 'PA719512'),
(31, 'PA719528'),
(31, 'PA793736'),
(31, 'PA793744'),
(31, 'PA793756'),
(31, 'PA793772'),
(31, 'PA793780'),
(31, 'PA841091'),
(31, 'PA841107'),
(32, 'PA719472'),
(32, 'PA793796'),
(33, 'PA1008'),
(33, 'PA331973'),
(33, 'PA341981'),
(33, 'PA606507'),
(33, 'PA719578'),
(33, 'PA719632'),
(33, 'PA719640'),
(33, 'PA793928'),
(33, 'PA793940'),
(33, 'PA793948'),
(33, 'PA841243'),
(33, 'PA841251'),
(34, 'PA606545'),
(34, 'PA606573'),
(34, 'PA793872'),
(34, 'PA793892'),
(34, 'PA793904'),
(34, 'PA793912'),
(34, 'PA841131'),
(34, 'PA841139'),
(34, 'PA841207'),
(35, 'PA332228'),
(35, 'PA342196'),
(35, 'PA342240'),
(35, 'PA719756'),
(35, 'PA794082'),
(35, 'PA794094'),
(35, 'PA841215'),
(35, 'PA841223'),
(36, 'PA1327'),
(36, 'PA719778'),
(37, 'PA606793'),
(37, 'PA719798'),
(37, 'PA719822'),
(37, 'PA793980'),
(37, 'PA793992'),
(38, 'PA342384'),
(38, 'PA342415'),
(38, 'PA794008'),
(38, 'PA794022'),
(38, 'PA794030'),
(38, 'PA794038'),
(38, 'PA841183'),
(38, 'PA841191'),
(38, 'PA841199'),
(39, 'PA332523'),
(39, 'PA719890'),
(39, 'PA794058'),
(40, 'PA719918'),
(40, 'PA719922'),
(40, 'PA719930'),
(41, 'PA719938'),
(41, 'PA794198'),
(41, 'PA794206'),
(42, 'PA719968'),
(42, 'PA794106'),
(42, 'PA794114'),
(42, 'PA794118'),
(42, 'PA794178'),
(42, 'PA841295'),
(43, 'PA267285'),
(43, 'PA607090'),
(44, 'PA607193'),
(44, 'PA720038'),
(44, 'PA794130'),
(44, 'PA794138'),
(44, 'PA794146'),
(44, 'PA794154'),
(44, 'PA794166'),
(44, 'PA841315'),
(44, 'PA841327'),
(44, 'PA841339'),
(45, 'PA720066'),
(45, 'PA720092'),
(45, 'PA794322'),
(45, 'PA794330'),
(45, 'PA841351'),
(45, 'PA841359'),
(46, 'PA720100'),
(46, 'PA841367'),
(47, 'PA695512'),
(47, 'PA720022'),
(47, 'PA794354'),
(48, 'PA841381'),
(49, 'PA643175'),
(49, 'PA720138'),
(49, 'PA720146'),
(49, 'PA720154'),
(49, 'PA720162'),
(49, 'PA774954'),
(49, 'PA794234'),
(50, 'PA266797'),
(50, 'PA607395'),
(50, 'PA720190'),
(50, 'PA794270'),
(51, 'PA720230'),
(51, 'PA794278'),
(51, 'PA817203'),
(51, 'PA841395'),
(51, 'PA942'),
(52, 'PA794434'),
(52, 'PA794442'),
(53, 'PA267042'),
(53, 'PA333285'),
(53, 'PA720256'),
(54, 'PA607553'),
(54, 'PA642847'),
(54, 'PA841463'),
(54, 'PA841471'),
(54, 'PA841479'),
(54, 'PA841487'),
(55, 'PA794418'),
(55, 'PA841495'),
(56, 'PA607619'),
(56, 'PA720334'),
(56, 'PA720342'),
(56, 'PA720354'),
(56, 'PA794426'),
(56, 'PA841419'),
(57, 'PA720362'),
(57, 'PA720370'),
(57, 'PA720386'),
(57, 'PA720552'),
(57, 'PA794582'),
(57, 'PA794590'),
(57, 'PA794598'),
(57, 'PA841431'),
(57, 'PA841439'),
(58, 'PA720560'),
(58, 'PA841451'),
(59, 'PA267200'),
(59, 'PA267763'),
(59, 'PA607846'),
(59, 'PA720430'),
(59, 'PA720446'),
(59, 'PA720468'),
(59, 'PA794466'),
(59, 'PA794470'),
(59, 'PA794478'),
(59, 'PA794486'),
(59, 'PA794494'),
(59, 'PA794502'),
(59, 'PA794518'),
(59, 'PA794530'),
(59, 'PA794554'),
(59, 'PA840119'),
(59, 'PA840135'),
(59, 'PA840143'),
(59, 'PA841515'),
(59, 'PA841539'),
(59, 'PA841553'),
(60, 'PA2960'),
(60, 'PA794562'),
(60, 'PA794570'),
(60, 'PA794734'),
(60, 'PA841563'),
(60, 'PA841575'),
(60, 'PA841587'),
(61, 'PA608016'),
(61, 'PA643192'),
(61, 'PA720644'),
(62, 'PA720614'),
(62, 'PA720668'),
(62, 'PA720822'),
(62, 'PA794658'),
(62, 'PA794670'),
(62, 'PA794678'),
(62, 'PA794718'),
(62, 'PA840159'),
(62, 'PA841601'),
(62, 'PA841605'),
(62, 'PA841613'),
(62, 'PA841621'),
(63, 'PA267306'),
(63, 'PA608172'),
(63, 'PA794686'),
(63, 'PA794702'),
(63, 'PA841507'),
(64, 'PA1592'),
(64, 'PA608264'),
(64, 'PA720720'),
(64, 'PA720728'),
(64, 'PA794854'),
(64, 'PA841633'),
(65, 'PA794870'),
(65, 'PA841665'),
(66, 'PA794762'),
(66, 'PA794770'),
(66, 'PA794886'),
(66, 'PA794894'),
(67, 'PA722328'),
(67, 'PA722336'),
(67, 'PA794778'),
(67, 'PA794786'),
(67, 'PA794798'),
(67, 'PA794802'),
(67, 'PA794810'),
(67, 'PA841645'),
(67, 'PA841681'),
(68, 'PA642935'),
(68, 'PA643184'),
(68, 'PA721314'),
(68, 'PA722284'),
(68, 'PA794830'),
(68, 'PA794838'),
(69, 'PA721336'),
(69, 'PA722358'),
(69, 'PA722366'),
(69, 'PA722374'),
(69, 'PA794906'),
(69, 'PA794938'),
(69, 'PA795010'),
(69, 'PA841657'),
(69, 'PA841713'),
(69, 'PA841717'),
(69, 'PA841729'),
(69, 'PA841737'),
(69, 'PA841745'),
(69, 'PA841749'),
(70, 'PA794946'),
(70, 'PA794954'),
(71, 'PA722382'),
(71, 'PA722390'),
(71, 'PA841761'),
(71, 'PA841769'),
(71, 'PA841777'),
(72, 'PA267318'),
(72, 'PA335054'),
(72, 'PA794982'),
(72, 'PA795100'),
(72, 'PA795108'),
(73, 'PA266808'),
(73, 'PA721410'),
(73, 'PA795124'),
(73, 'PA795136'),
(74, 'PA608826'),
(74, 'PA721426'),
(74, 'PA721442'),
(74, 'PA721458'),
(74, 'PA795026'),
(74, 'PA841801'),
(75, 'PA610002'),
(75, 'PA610968'),
(75, 'PA717379'),
(75, 'PA721764'),
(75, 'PA721960'),
(75, 'PA791812'),
(75, 'PA791824'),
(75, 'PA795076'),
(75, 'PA795084'),
(75, 'PA795950'),
(75, 'PA795962'),
(75, 'PA796018'),
(75, 'PA796090'),
(75, 'PA840171'),
(75, 'PA841693'),
(75, 'PA841701'),
(75, 'PA841709'),
(75, 'PA841853'),
(76, 'PA267780'),
(76, 'PA335612'),
(76, 'PA722102'),
(76, 'PA774958'),
(76, 'PA795200'),
(76, 'PA796106'),
(76, 'PA841813'),
(76, 'PA841825'),
(76, 'PA841833'),
(76, 'PA841837'),
(77, 'PA335758'),
(77, 'PA609332'),
(77, 'PA795350'),
(77, 'PA795410'),
(77, 'PA795466'),
(77, 'PA795516'),
(77, 'PA841845'),
(77, 'PA841869'),
(77, 'PA841873'),
(77, 'PA841885'),
(77, 'PA841893'),
(78, 'PA721844'),
(78, 'PA721852'),
(78, 'PA721908'),
(78, 'PA721916'),
(78, 'PA722046'),
(78, 'PA795528'),
(78, 'PA795636'),
(78, 'PA795722'),
(78, 'PA805166'),
(78, 'PA826635'),
(78, 'PA841919'),
(78, 'PA841931'),
(79, 'PA335999'),
(79, 'PA722134'),
(79, 'PA795730'),
(80, 'PA722142'),
(80, 'PA795778'),
(80, 'PA795786'),
(80, 'PA841947'),
(80, 'PA841955'),
(81, 'PA569'),
(81, 'PA721584'),
(81, 'PA795844'),
(82, 'PA267561'),
(82, 'PA795900'),
(83, 'PA795908'),
(83, 'PA795912'),
(83, 'PA795966'),
(83, 'PA795974'),
(83, 'PA796026'),
(83, 'PA796034'),
(83, 'PA796042'),
(83, 'PA796050'),
(84, 'PA642988'),
(84, 'PA721932'),
(84, 'PA796118'),
(84, 'PA841981'),
(84, 'PA842105'),
(85, 'PA309643'),
(85, 'PA721984'),
(85, 'PA722000'),
(85, 'PA722070'),
(85, 'PA795278'),
(86, 'PA722150'),
(86, 'PA722162'),
(86, 'PA795362'),
(86, 'PA795374'),
(87, 'PA795422'),
(87, 'PA795430'),
(87, 'PA795482'),
(88, 'PA721474'),
(88, 'PA721486'),
(88, 'PA842073'),
(88, 'PA842085'),
(89, 'PA795540'),
(89, 'PA795552'),
(89, 'PA842097'),
(90, 'PA721816'),
(90, 'PA842001'),
(91, 'PA1567'),
(91, 'PA722252'),
(91, 'PA795588'),
(91, 'PA795644'),
(91, 'PA795664'),
(91, 'PA795746'),
(91, 'PA842013'),
(91, 'PA842029'),
(91, 'PA842037'),
(91, 'PA842045'),
(92, 'PA345722'),
(92, 'PA346782'),
(92, 'PA408578'),
(92, 'PA721750'),
(92, 'PA721896'),
(92, 'PA722190'),
(92, 'PA795808'),
(92, 'PA795864'),
(92, 'PA795920'),
(92, 'PA795982'),
(92, 'PA842125'),
(92, 'PA842147'),
(93, 'PA588884'),
(93, 'PA720838'),
(93, 'PA720846'),
(93, 'PA721202'),
(93, 'PA721210'),
(93, 'PA721270'),
(93, 'PA795156'),
(93, 'PA795164'),
(93, 'PA795228'),
(93, 'PA795298'),
(93, 'PA796062'),
(93, 'PA842155'),
(94, 'PA1630'),
(94, 'PA687214'),
(94, 'PA720892'),
(94, 'PA721234'),
(94, 'PA721296'),
(94, 'PA736201'),
(94, 'PA774960'),
(94, 'PA795310'),
(94, 'PA795318'),
(94, 'PA795386'),
(94, 'PA842117'),
(95, 'PA720908'),
(95, 'PA720952'),
(95, 'PA795596'),
(95, 'PA795616'),
(95, 'PA795672'),
(95, 'PA842187'),
(95, 'PA842195'),
(95, 'PA842255'),
(95, 'PA842263'),
(95, 'PA842271'),
(99, 'PA721004'),
(99, 'PA721134'),
(99, 'PA721158'),
(99, 'PA721170'),
(99, 'PA721182'),
(99, 'PA795046'),
(99, 'PA795330'),
(99, 'PA795454'),
(99, 'PA795888'),
(99, 'PA842311'),
(99, 'PA842323'),
(971, 'PA643143'),
(971, 'PA720960'),
(971, 'PA720976'),
(971, 'PA795762'),
(972, 'PA610654'),
(972, 'PA720992'),
(972, 'PA795820'),
(972, 'PA842211'),
(973, 'PA795868'),
(973, 'PA795876'),
(974, 'PA643157'),
(974, 'PA721062'),
(974, 'PA774962'),
(974, 'PA795998'),
(974, 'PA796010'),
(974, 'PA796070'),
(974, 'PA842227'),
(975, 'PA795244'),
(976, 'PA796078'),
(976, 'PA842279'),
(977, 'PA795258'),
(986, 'PA757225'),
(987, 'PA721110'),
(987, 'PA795240'),
(987, 'PA840235'),
(988, 'PA795176'),
(988, 'PA842299');

-- --------------------------------------------------------

--
-- Structure de la table `groupes`
--

CREATE TABLE `groupes` (
  `IDGROUPE` bigint NOT NULL,
  `NOMGROUPE` varchar(128) COLLATE utf8mb4_general_ci NOT NULL,
  `ABREVATION` char(32) COLLATE utf8mb4_general_ci DEFAULT NULL
) ENGINE=InnoDB DEFAULT CHARSET=utf8mb4 COLLATE=utf8mb4_general_ci;

--
-- Déchargement des données de la table `groupes`
--

INSERT INTO `groupes` (`IDGROUPE`, `NOMGROUPE`, `ABREVATION`) VALUES
(1, 'Socialistes et apparentés', 'SOC'),
(2, 'Droite Républicaine', 'DR'),
(3, 'Libertés, Indépendants, Outre-mer et Territoires', 'LIOT'),
(4, 'Ensemble pour la République', 'EPR'),
(5, 'Gauche Démocrate et Républicaine', 'GDR'),
(6, 'Les Démocrates', 'DEM'),
(7, 'UDR', 'UDR'),
(8, 'Horizons & Indépendants', 'HOR'),
(9, 'Écologiste et Social', 'ECOS'),
(10, 'Non inscrit', 'NI'),
(11, 'La France insoumise - Nouveau Front Populaire', 'LFI-NFP'),
(12, 'Rassemblement National', 'RN');

-- --------------------------------------------------------

--
-- Structure de la table `job`
--

CREATE TABLE `job` (
  `IDJOB` bigint NOT NULL,
  `NOMJOB` char(255) COLLATE utf8mb4_general_ci NOT NULL
) ENGINE=InnoDB DEFAULT CHARSET=utf8mb4 COLLATE=utf8mb4_general_ci;

--
-- Déchargement des données de la table `job`
--

INSERT INTO `job` (`IDJOB`, `NOMJOB`) VALUES
(1, 'Ingénieur'),
(2, 'Chef d\'entreprise'),
(3, 'Inspecteur général des affaires sociales'),
(4, 'Cadre'),
(5, 'Cadre supérieur'),
(6, 'Conseiller référendaire à la Cour des comptes'),
(7, 'Exploitant agricole'),
(8, 'Maître de conférences à Sciences Po'),
(9, 'Collaborateur parlementaire'),
(10, 'Directeur de cabinet'),
(11, 'Notaire'),
(12, '(33) - Cadre de la fonction publique'),
(13, 'Retraité de l\'éducation nationale'),
(14, 'Avocat'),
(15, 'Pharmacien'),
(16, 'Médecin'),
(17, 'Directeur de mutuelle'),
(18, 'Associé dans un cabinet d\'audit international'),
(19, 'Journaliste'),
(20, 'Cadre territorial'),
(21, 'Professeur agrégé de biologie'),
(22, 'Biologiste A.I.H.P.'),
(23, 'Représentant de commerce'),
(24, '(86) - Personne diverse sans activité professionnelle de 60 ans et plus'),
(25, 'Cadre administratif'),
(26, 'Professeur dans l\'enseignement supérieur'),
(27, 'Électricien'),
(28, 'Cadre (entreprises publiques)'),
(29, 'Avocate'),
(30, 'Gestionnaire à l\'INRAE'),
(31, 'Agriculteur'),
(32, 'Professeur, profession scientifique'),
(33, 'Autre cadre (secteur privé)'),
(34, 'Conseillère parlementaire'),
(35, 'Professeur de médecine'),
(36, '(37) - Cadre administratif et commercial d\'entreprise'),
(37, 'Journaliste et autre média'),
(38, 'Professeur du secondaire'),
(39, 'Permanent politique'),
(40, 'Fonctionnaire de catégorie A'),
(41, 'Cadre supérieur du secteur public'),
(42, 'Enseignant 1er deg.- Professeur d\'école'),
(43, 'Artisan Photographe'),
(44, 'Industriel-Chef d\'entreprise'),
(45, 'Cadre secteur privé'),
(46, 'Cadre supérieur du secteur privé'),
(47, 'Expert-comptable'),
(48, 'Cadre du secteur privé'),
(49, 'Cadre supérieur (secteur privé)'),
(50, 'Cadre territorial de catégorie A'),
(51, 'Directeur d\'un établissement pour l\'enfance handicapée'),
(52, 'Magistrat'),
(53, 'Directeur d\'association'),
(54, 'Inspecteur assurance-vie'),
(55, 'Comptable'),
(56, 'Ancien cadre'),
(57, 'Psychologue'),
(58, 'Chef de projet dans l\'industrie'),
(59, 'Ingénieur et cadre technique d\'entreprise'),
(60, 'Commerçante'),
(61, 'Commerçant'),
(62, 'Juriste'),
(63, 'Professeur des Universités'),
(64, 'Economiste'),
(65, 'Professeure agrégée'),
(66, 'Autre profession libérale'),
(67, 'Profession rattachée à l\'enseignement'),
(68, 'Agriculteur-propriétaire exploitant'),
(69, 'Ingénieur en informatique'),
(70, 'Photographe et réalisateur'),
(71, 'Fonctionnaire de catégorie B'),
(72, 'Sans profession déclarée'),
(73, 'Employée (secteur privé)'),
(74, 'Retraité de l\'enseignement supérieur'),
(75, 'Ancien Chef d\'entreprise'),
(76, 'Retraitée de l\'enseignement'),
(77, 'Ministre'),
(78, 'Collaboratrice parlementaire'),
(79, 'Officier de l\'armée de Terre'),
(80, 'Ingénieur Arts et métiers'),
(81, 'Retraitée de la fonction publique hospitalière et chargée de formation'),
(82, 'Enseignant 1er degré-directeur d\'école (en disponibilité)'),
(83, 'Professeur du secondaire et technique'),
(84, 'Navigateur'),
(85, 'Agricultrice'),
(86, 'Infirmier des forces spéciales'),
(87, 'Ancien cadre du secteur privé'),
(88, 'Conseiller en communication'),
(89, 'Consultante'),
(90, 'Cadre de la fonction publique'),
(91, 'Fonctionnaire territorial'),
(92, 'Retraitée de la fonction publique (hors enseignement)'),
(93, 'Professeure'),
(94, 'Coordinatrice de projets associatifs'),
(95, 'Expert comptable'),
(96, 'Fonction publique territoriale'),
(97, 'Profession libérale'),
(98, 'Employé (secteur privé)'),
(99, 'Agent contractuel au Parlement européen'),
(100, 'Entrepreneur'),
(101, 'Professeur de lycée professionnel'),
(102, 'Chargée de ressources humaines'),
(103, 'Employé'),
(104, 'Manager public'),
(105, 'Cadre à la Caisse des Dépôts et Consignations'),
(106, 'Consultante-Coach en Ressources Humaines'),
(107, 'Cadre administratif et commercial d\'entreprise'),
(108, 'Consultante communication'),
(109, 'Consultante en affaires publiques'),
(110, 'Employée du secteur privé'),
(111, 'Ingénieure'),
(112, 'Déléguée médicale'),
(113, 'Bibliothécaire'),
(114, 'Retraitée de la fonction publique hospitalière'),
(115, 'Reporter'),
(116, 'Consultant'),
(117, 'Consultante en communication'),
(118, 'retraitée'),
(119, 'Industriel - Chef d\'entreprise'),
(120, 'Professeur de faculté'),
(121, 'Profession intermédiaire administrative de la fonction publique'),
(122, 'Cadre d\'entreprise / enseignant universitaire'),
(123, 'Professeure des écoles'),
(124, 'Chef d\'entreprise de 10 salariés ou plus'),
(125, 'Professeure de français'),
(126, 'Inspecteur principal des Finances publiques'),
(127, 'Professeur d\'italien'),
(128, 'Artisan'),
(129, 'Chauffeur-livreur'),
(130, 'Directeur général'),
(131, 'Directeur d\'établissements sanitaires et sociaux'),
(132, 'Assistant Parlementaire'),
(133, 'Sans activité professionnelle'),
(134, 'Agriculteur sur moyenne exploitation'),
(135, 'Commerçant et assimilé'),
(136, 'Ouvrier qualifié de type industriel'),
(137, 'Chirurgien'),
(138, 'Ancien employé'),
(139, 'Employé civil et agent de service de la fonction publique'),
(140, 'Médecin expert judiciaire'),
(141, 'Policier et militaire'),
(142, 'Sans profession'),
(143, 'Ancienne profession intermédiaire'),
(144, 'Chargé d\'opérations urbanisme'),
(145, 'Employé administratif d\'entreprise'),
(146, 'Ancienne avocate / Ancien cadre'),
(147, 'Ouvrier de type industriel'),
(148, 'Conseiller en assurance'),
(149, 'Magistrat administratif'),
(150, 'Responsable associative'),
(151, 'Profession intermédiaire de la santé et du travail social'),
(152, 'Professeur des écoles, instituteur et assimilé'),
(153, 'Sociologue'),
(154, 'Professeure de piano'),
(155, 'Enseignant'),
(156, 'Retraité'),
(157, 'Consultant aéronautique'),
(158, 'Attaché parlementaire'),
(159, 'Employé de commerce'),
(160, 'Consultant en développement durable'),
(161, 'Consultant, formateur'),
(162, 'Ancien artisan, commerçant, chef d\'entreprise'),
(163, 'Collaboratrice de cabinet'),
(164, 'Artiste-peintre'),
(165, 'Cardiologue'),
(166, 'Masseur Kinésithérapeute'),
(167, 'Ouvrière agricole'),
(168, 'Conseiller d\'insertion professionnelle'),
(169, 'Conseiller parlementaire'),
(170, 'Chargé d\'assistance automobile'),
(171, 'Inspecteur général de l\'éducation nationale honoraire'),
(172, 'Délégué général du Comité des travaux historiques et scientifiques'),
(173, 'Analyste bancaire'),
(174, 'Consultante indépendante'),
(175, 'Collaborateur d\'élu'),
(176, 'Chef de projet'),
(177, 'Cadre administratif d\'entreprise'),
(178, 'Directeur d\'école primaire (retraité)'),
(179, 'Directeur adjoint d\'une structure associative'),
(180, 'Ancien journaliste'),
(181, 'Chef de projets SI'),
(182, 'Cadre d\'entreprise'),
(183, 'Profession de l\'information, des arts et des spectacles'),
(184, 'Attachée de Presse'),
(185, 'Chef d\'entreprise - Enseignante associée université'),
(186, 'Préparatrice en pharmacie'),
(187, 'Clerc d\'huissier'),
(188, '(85) - Personne diverse sans activité professionnelle de moins de 60 ans (sauf r'),
(189, 'Profession intermédiaire administrative et commerciale des entreprises'),
(190, 'Policier'),
(191, 'Chargée de communication'),
(192, 'Collaboratrice politique en collectivité locale'),
(193, 'Educatrice spécialisée'),
(194, 'cadre commercial'),
(195, 'Ingénieur commercial'),
(196, 'Contrôleure interne et risk manager'),
(197, 'Ingénieur en chef du contrôle de la navigation aérienne'),
(198, 'Personnel de direction de l\'éducation nationale retraité'),
(199, 'Professeur de lettres'),
(200, 'Elève, étudiant'),
(201, 'Profession de l\'information'),
(202, 'Ingénieur dans le domaine de l\'environnement'),
(203, 'Professeur d\'histoire-géographie'),
(204, 'Responsable de la communication numérique'),
(205, 'Commerciale'),
(206, 'Cadre technique d\'entreprise'),
(207, 'Technicien'),
(208, 'Cheffe d\'entreprise'),
(209, 'Infirmière-Puéricultrice'),
(210, 'Retraité de la police nationale'),
(211, 'Intervenant social'),
(212, 'Fonctionnaire'),
(213, '(85) - Personne diverse sans activité professionnelle de moins de 60 ans'),
(214, 'Cheminot'),
(215, 'responsable de service social'),
(216, 'Maître des requêtes au Conseil d\'État'),
(217, '(21) - Artisan'),
(218, '(54) - Employé administratif d\'entreprise'),
(219, '(45) - Profession intermédiaire administrative de la fonction publique'),
(220, '(12) - Agriculteur sur moyenne exploitation'),
(221, '(22) - Commerçant et assimilé'),
(222, 'Pharmacien Titulaire'),
(223, 'Dirigeant d\'entreprise'),
(224, '(34) - Professeur, profession scientifique'),
(225, 'Retraité militaire'),
(226, '(23) - Chef d\'entreprise de 10 salariés ou plus'),
(227, '(31) - Profession libérale'),
(228, '(72) - Ancien artisan, commerçant, chef d\'entreprise'),
(229, 'Psychologue du travail'),
(230, 'Psychologue scolaire'),
(231, '(74) - Ancien cadre'),
(232, 'Administrateur de l\'État'),
(233, '(38) - Ingénieur et cadre technique d\'entreprise'),
(234, '(84) - Elève, étudiant'),
(235, 'Historien'),
(236, '(46) - Profession intermédiaire administrative et commerciale des entreprises'),
(237, 'Education nationale'),
(238, '(43) - Profession intermédiaire de la santé et du travail social'),
(239, '(48) - Contremaître, agent de maîtrise'),
(240, '(47) - Technicien'),
(241, 'Collaborateur de cabinet en mairie'),
(242, 'Ingénieur de recherche'),
(243, '(53) - Policier et militaire'),
(244, 'Enseignante retraitée'),
(245, '(47) - Technicien hospitalier'),
(246, '(56) - Personnel des services directs aux particuliers'),
(247, '(11) - Agriculteur sur petite exploitation'),
(248, 'vétérinaire'),
(249, '(35) - Profession de l\'information, des arts et des spectacles'),
(250, '34 - Professeur, profession scientifique'),
(251, '(65) - Ouvrier qualifié de la manutention, du magasinage et du transport'),
(252, '(55) - Employé de commerce'),
(253, '(52) - Employé civil et agent de service de la fonction publique'),
(254, 'Ingénieur - Responsable Support Technique Grands Comptes'),
(255, 'Secrétaire générale de groupe parlementaire'),
(256, 'Conseiller référendaire honoraire à la Cour des comptes');

--
-- Index pour les tables déchargées
--

--
-- Index pour la table `departement`
--
ALTER TABLE `departement`
  ADD PRIMARY KEY (`CODEDEPARTEMENT`);

--
-- Index pour la table `depute`
--
ALTER TABLE `depute`
  ADD PRIMARY KEY (`ID`),
  ADD KEY `I_FK_DEPUTE_JOB` (`IDJOB`),
  ADD KEY `I_FK_DEPUTE_GROUPE` (`IDGROUPE`);

--
-- Index pour la table `deputer`
--
ALTER TABLE `deputer`
  ADD PRIMARY KEY (`CODEDEPARTEMENT`,`ID`),
  ADD KEY `I_FK_DEPUTER_DEPARTEMENT` (`CODEDEPARTEMENT`),
  ADD KEY `I_FK_DEPUTER_DEPUTE` (`ID`);

--
-- Index pour la table `groupes`
--
ALTER TABLE `groupes`
  ADD PRIMARY KEY (`IDGROUPE`);

--
-- Index pour la table `job`
--
ALTER TABLE `job`
  ADD PRIMARY KEY (`IDJOB`);

--
-- AUTO_INCREMENT pour les tables déchargées
--

--
-- AUTO_INCREMENT pour la table `departement`
--
ALTER TABLE `departement`
  MODIFY `CODEDEPARTEMENT` int NOT NULL AUTO_INCREMENT, AUTO_INCREMENT=989;

--
-- AUTO_INCREMENT pour la table `groupes`
--
ALTER TABLE `groupes`
  MODIFY `IDGROUPE` bigint NOT NULL AUTO_INCREMENT, AUTO_INCREMENT=13;

--
-- AUTO_INCREMENT pour la table `job`
--
ALTER TABLE `job`
  MODIFY `IDJOB` bigint NOT NULL AUTO_INCREMENT, AUTO_INCREMENT=257;

--
-- Contraintes pour les tables déchargées
--

--
-- Contraintes pour la table `depute`
--
ALTER TABLE `depute`
  ADD CONSTRAINT `FK_DEPUTE_GROUPE` FOREIGN KEY (`IDGROUPE`) REFERENCES `groupes` (`IDGROUPE`),
  ADD CONSTRAINT `FK_DEPUTE_JOB` FOREIGN KEY (`IDJOB`) REFERENCES `job` (`IDJOB`);

--
-- Contraintes pour la table `deputer`
--
ALTER TABLE `deputer`
  ADD CONSTRAINT `FK_DEPUTER_DEPARTEMENT` FOREIGN KEY (`CODEDEPARTEMENT`) REFERENCES `departement` (`CODEDEPARTEMENT`),
  ADD CONSTRAINT `FK_DEPUTER_DEPUTE` FOREIGN KEY (`ID`) REFERENCES `depute` (`ID`);
COMMIT;

/*!40101 SET CHARACTER_SET_CLIENT=@OLD_CHARACTER_SET_CLIENT */;
/*!40101 SET CHARACTER_SET_RESULTS=@OLD_CHARACTER_SET_RESULTS */;
/*!40101 SET COLLATION_CONNECTION=@OLD_COLLATION_CONNECTION */;
